0,sample,cell_type,value,proportion
1,GSM1332201,Activated CD8 T cell,0.592244241,0.038
2,GSM1332202,Activated CD8 T cell,0.438268842,0.031
3,GSM1332203,Activated CD8 T cell,0.478146702,0.034
4,GSM1332204,Activated CD8 T cell,0.456768902,0.032
5,GSM1332205,Activated CD8 T cell,0.453499963,0.027
6,GSM1332206,Activated CD8 T cell,0.467969833,0.028
7,GSM1332207,Activated CD8 T cell,0.623448375,0.036
8,GSM1332208,Activated CD8 T cell,0.430968254,0.026
9,GSM1332209,Activated CD8 T cell,0.433517071,0.03
10,GSM1332210,Activated CD8 T cell,0.728147731,0.041
11,GSM1332221,Activated CD8 T cell,0.835573893,0.042
12,GSM1332222,Activated CD8 T cell,0.869183792,0.043
13,GSM1332223,Activated CD8 T cell,0.794411015,0.043
14,GSM1332224,Activated CD8 T cell,0.734017003,0.04
15,GSM1332225,Activated CD8 T cell,0.751884542,0.043
16,GSM1332226,Activated CD8 T cell,0.589704545,0.033
17,GSM1332227,Activated CD8 T cell,0.637314173,0.037
18,GSM1332228,Activated CD8 T cell,0.755165722,0.044
19,GSM1332229,Activated CD8 T cell,0.708895338,0.043
20,GSM1332230,Activated CD8 T cell,0.685426754,0.04
21,GSM302859,Activated CD8 T cell,0.687452554,0.036
22,GSM302864,Activated CD8 T cell,0.557834874,0.036
23,GSM302866,Activated CD8 T cell,0.501784241,0.032
24,GSM302870,Activated CD8 T cell,0.511949009,0.029
25,GSM302872,Activated CD8 T cell,0.845766635,0.046
26,GSM302882,Activated CD8 T cell,0.593540004,0.037
27,GSM302896,Activated CD8 T cell,0.838009057,0.047
28,GSM302900,Activated CD8 T cell,0.89877347,0.045
29,GSM302924,Activated CD8 T cell,0.537872864,0.036
30,GSM302927,Activated CD8 T cell,0.826088831,0.046
31,GSM302933,Activated CD8 T cell,0.915769889,0.05
32,GSM302943,Activated CD8 T cell,0.918498618,0.049
33,GSM303364,Activated CD8 T cell,0.857771164,0.048
34,GSM303366,Activated CD8 T cell,0.453060289,0.031
35,GSM303368,Activated CD8 T cell,0.749898734,0.039
36,GSM303520,Activated CD8 T cell,0.601202152,0.034
37,GSM303522,Activated CD8 T cell,0.708737995,0.04
38,GSM303523,Activated CD8 T cell,0.520662046,0.034
39,GSM303525,Activated CD8 T cell,0.57042131,0.036
40,GSM303531,Activated CD8 T cell,0.552427128,0.034
41,GSM303533,Activated CD8 T cell,0.511866318,0.028
42,GSM2048265,Activated CD8 T cell,0.356941797,0.029
43,GSM2048266,Activated CD8 T cell,0.399023094,0.033
44,GSM2048267,Activated CD8 T cell,0.534518277,0.033
45,GSM2048268,Activated CD8 T cell,0.364926489,0.025
46,GSM2048269,Activated CD8 T cell,0.354192169,0.024
47,GSM2048270,Activated CD8 T cell,0.44681965,0.026
48,GSM2048271,Activated CD8 T cell,0.37275508,0.027
49,GSM2048272,Activated CD8 T cell,0.393245793,0.026
50,GSM2048273,Activated CD8 T cell,0.382798608,0.026
51,GSM2048274,Activated CD8 T cell,0.573363517,0.034
52,GSM2048275,Activated CD8 T cell,0.61062226,0.034
53,GSM2048276,Activated CD8 T cell,0.755773024,0.036
54,GSM2048277,Activated CD8 T cell,0.505107449,0.031
55,GSM2048278,Activated CD8 T cell,0.330448954,0.023
56,GSM2048279,Activated CD8 T cell,0.701856531,0.034
57,GSM2048280,Activated CD8 T cell,0.448733121,0.025
58,GSM2048281,Activated CD8 T cell,0.710708535,0.036
59,GSM2048282,Activated CD8 T cell,0.37136898,0.024
60,GSM2048283,Activated CD8 T cell,0.769279001,0.042
61,GSM2048284,Activated CD8 T cell,0.294634355,0.022
62,GSM2048285,Activated CD8 T cell,0.731455597,0.038
63,GSM2048286,Activated CD8 T cell,0.39168285,0.028
64,GSM2048287,Activated CD8 T cell,0.892715787,0.042
65,GSM1332201,Central memory CD8 T cell,0.728673825,0.047
66,GSM1332202,Central memory CD8 T cell,0.690973842,0.049
67,GSM1332203,Central memory CD8 T cell,0.680004261,0.049
68,GSM1332204,Central memory CD8 T cell,0.695649656,0.049
69,GSM1332205,Central memory CD8 T cell,0.848098005,0.05
70,GSM1332206,Central memory CD8 T cell,0.807876911,0.048
71,GSM1332207,Central memory CD8 T cell,0.843952775,0.048
72,GSM1332208,Central memory CD8 T cell,0.824086611,0.05
73,GSM1332209,Central memory CD8 T cell,0.693168802,0.047
74,GSM1332210,Central memory CD8 T cell,0.872185952,0.049
75,GSM1332221,Central memory CD8 T cell,0.847762104,0.043
76,GSM1332222,Central memory CD8 T cell,0.792735017,0.039
77,GSM1332223,Central memory CD8 T cell,0.876385474,0.047
78,GSM1332224,Central memory CD8 T cell,0.774662534,0.043
79,GSM1332225,Central memory CD8 T cell,0.749327603,0.043
80,GSM1332226,Central memory CD8 T cell,0.777976755,0.044
81,GSM1332227,Central memory CD8 T cell,0.786052582,0.046
82,GSM1332228,Central memory CD8 T cell,0.763942073,0.044
83,GSM1332229,Central memory CD8 T cell,0.744182948,0.045
84,GSM1332230,Central memory CD8 T cell,0.758052998,0.044
85,GSM302859,Central memory CD8 T cell,0.892388681,0.047
86,GSM302864,Central memory CD8 T cell,0.787812878,0.05
87,GSM302866,Central memory CD8 T cell,0.764324703,0.049
88,GSM302870,Central memory CD8 T cell,0.813677576,0.046
89,GSM302872,Central memory CD8 T cell,0.792926523,0.044
90,GSM302882,Central memory CD8 T cell,0.776402008,0.048
91,GSM302896,Central memory CD8 T cell,0.800181698,0.045
92,GSM302900,Central memory CD8 T cell,0.820173896,0.041
93,GSM302924,Central memory CD8 T cell,0.777100168,0.052
94,GSM302927,Central memory CD8 T cell,0.758442735,0.042
95,GSM302933,Central memory CD8 T cell,0.704663947,0.039
96,GSM302943,Central memory CD8 T cell,0.755950437,0.04
97,GSM303364,Central memory CD8 T cell,0.736614232,0.042
98,GSM303366,Central memory CD8 T cell,0.716633077,0.05
99,GSM303368,Central memory CD8 T cell,0.841248144,0.044
100,GSM303520,Central memory CD8 T cell,0.832601727,0.047
101,GSM303522,Central memory CD8 T cell,0.829390804,0.047
102,GSM303523,Central memory CD8 T cell,0.73438242,0.048
103,GSM303525,Central memory CD8 T cell,0.713352539,0.045
104,GSM303531,Central memory CD8 T cell,0.715565893,0.045
105,GSM303533,Central memory CD8 T cell,0.885720795,0.048
106,GSM2048265,Central memory CD8 T cell,0.58730645,0.047
107,GSM2048266,Central memory CD8 T cell,0.566772802,0.046
108,GSM2048267,Central memory CD8 T cell,0.690726073,0.043
109,GSM2048268,Central memory CD8 T cell,0.63903994,0.044
110,GSM2048269,Central memory CD8 T cell,0.625455235,0.043
111,GSM2048270,Central memory CD8 T cell,0.700720077,0.041
112,GSM2048271,Central memory CD8 T cell,0.595569903,0.043
113,GSM2048272,Central memory CD8 T cell,0.612712348,0.04
114,GSM2048273,Central memory CD8 T cell,0.673183701,0.046
115,GSM2048274,Central memory CD8 T cell,0.687661617,0.041
116,GSM2048275,Central memory CD8 T cell,0.739524851,0.041
117,GSM2048276,Central memory CD8 T cell,0.803937705,0.039
118,GSM2048277,Central memory CD8 T cell,0.64967319,0.04
119,GSM2048278,Central memory CD8 T cell,0.653756711,0.045
120,GSM2048279,Central memory CD8 T cell,0.812638843,0.039
121,GSM2048280,Central memory CD8 T cell,0.788583895,0.043
122,GSM2048281,Central memory CD8 T cell,0.820672734,0.041
123,GSM2048282,Central memory CD8 T cell,0.676873883,0.044
124,GSM2048283,Central memory CD8 T cell,0.74124699,0.04
125,GSM2048284,Central memory CD8 T cell,0.639319387,0.048
126,GSM2048285,Central memory CD8 T cell,0.753576233,0.04
127,GSM2048286,Central memory CD8 T cell,0.542350576,0.038
128,GSM2048287,Central memory CD8 T cell,0.693278013,0.033
129,GSM1332201,Effector memeory CD8 T cell,0.782875096,0.05
130,GSM1332202,Effector memeory CD8 T cell,0.723689479,0.051
131,GSM1332203,Effector memeory CD8 T cell,0.735161398,0.053
132,GSM1332204,Effector memeory CD8 T cell,0.701978623,0.049
133,GSM1332205,Effector memeory CD8 T cell,0.824859401,0.049
134,GSM1332206,Effector memeory CD8 T cell,0.808576985,0.048
135,GSM1332207,Effector memeory CD8 T cell,0.823493079,0.047
136,GSM1332208,Effector memeory CD8 T cell,0.790011172,0.048
137,GSM1332209,Effector memeory CD8 T cell,0.737004494,0.05
138,GSM1332210,Effector memeory CD8 T cell,0.911432712,0.051
139,GSM1332221,Effector memeory CD8 T cell,0.997335836,0.05
140,GSM1332222,Effector memeory CD8 T cell,0.920091855,0.045
141,GSM1332223,Effector memeory CD8 T cell,0.886904162,0.048
142,GSM1332224,Effector memeory CD8 T cell,0.905660576,0.05
143,GSM1332225,Effector memeory CD8 T cell,0.857370907,0.049
144,GSM1332226,Effector memeory CD8 T cell,0.835011274,0.047
145,GSM1332227,Effector memeory CD8 T cell,0.800865105,0.047
146,GSM1332228,Effector memeory CD8 T cell,0.811914004,0.047
147,GSM1332229,Effector memeory CD8 T cell,0.80645046,0.049
148,GSM1332230,Effector memeory CD8 T cell,0.826500851,0.048
149,GSM302859,Effector memeory CD8 T cell,0.895158772,0.047
150,GSM302864,Effector memeory CD8 T cell,0.75091879,0.048
151,GSM302866,Effector memeory CD8 T cell,0.775880626,0.05
152,GSM302870,Effector memeory CD8 T cell,0.756966933,0.043
153,GSM302872,Effector memeory CD8 T cell,0.886837539,0.049
154,GSM302882,Effector memeory CD8 T cell,0.825791943,0.051
155,GSM302896,Effector memeory CD8 T cell,0.824412287,0.047
156,GSM302900,Effector memeory CD8 T cell,0.959359444,0.048
157,GSM302924,Effector memeory CD8 T cell,0.741498641,0.05
158,GSM302927,Effector memeory CD8 T cell,0.864273156,0.048
159,GSM302933,Effector memeory CD8 T cell,0.87607003,0.048
160,GSM302943,Effector memeory CD8 T cell,0.88851823,0.048
161,GSM303364,Effector memeory CD8 T cell,0.819608824,0.046
162,GSM303366,Effector memeory CD8 T cell,0.718590846,0.05
163,GSM303368,Effector memeory CD8 T cell,0.918682619,0.048
164,GSM303520,Effector memeory CD8 T cell,0.873223675,0.049
165,GSM303522,Effector memeory CD8 T cell,0.896506378,0.05
166,GSM303523,Effector memeory CD8 T cell,0.728858751,0.048
167,GSM303525,Effector memeory CD8 T cell,0.779328916,0.049
168,GSM303531,Effector memeory CD8 T cell,0.795677174,0.05
169,GSM303533,Effector memeory CD8 T cell,0.885786804,0.048
170,GSM2048265,Effector memeory CD8 T cell,0.48527725,0.039
171,GSM2048266,Effector memeory CD8 T cell,0.561114669,0.046
172,GSM2048267,Effector memeory CD8 T cell,0.732949103,0.045
173,GSM2048268,Effector memeory CD8 T cell,0.716388007,0.049
174,GSM2048269,Effector memeory CD8 T cell,0.685908139,0.047
175,GSM2048270,Effector memeory CD8 T cell,0.789582943,0.046
176,GSM2048271,Effector memeory CD8 T cell,0.631649824,0.045
177,GSM2048272,Effector memeory CD8 T cell,0.740403913,0.049
178,GSM2048273,Effector memeory CD8 T cell,0.614953259,0.042
179,GSM2048274,Effector memeory CD8 T cell,0.743386971,0.044
180,GSM2048275,Effector memeory CD8 T cell,0.814661814,0.046
181,GSM2048276,Effector memeory CD8 T cell,0.997380962,0.048
182,GSM2048277,Effector memeory CD8 T cell,0.657375449,0.04
183,GSM2048278,Effector memeory CD8 T cell,0.681474135,0.047
184,GSM2048279,Effector memeory CD8 T cell,0.942766706,0.046
185,GSM2048280,Effector memeory CD8 T cell,0.894063088,0.049
186,GSM2048281,Effector memeory CD8 T cell,0.824270917,0.042
187,GSM2048282,Effector memeory CD8 T cell,0.703887273,0.046
188,GSM2048283,Effector memeory CD8 T cell,0.902848724,0.049
189,GSM2048284,Effector memeory CD8 T cell,0.671527132,0.051
190,GSM2048285,Effector memeory CD8 T cell,0.90121785,0.047
191,GSM2048286,Effector memeory CD8 T cell,0.681599654,0.048
192,GSM2048287,Effector memeory CD8 T cell,0.94806301,0.045
193,GSM1332201,Activated CD4 T cell,0.284885637,0.018
194,GSM1332202,Activated CD4 T cell,0.30312186,0.021
195,GSM1332203,Activated CD4 T cell,0.25551561,0.018
196,GSM1332204,Activated CD4 T cell,0.395348091,0.028
197,GSM1332205,Activated CD4 T cell,0.314208248,0.019
198,GSM1332206,Activated CD4 T cell,0.362696541,0.022
199,GSM1332207,Activated CD4 T cell,0.498297801,0.029
200,GSM1332208,Activated CD4 T cell,0.328666862,0.02
201,GSM1332209,Activated CD4 T cell,0.159067093,0.011
202,GSM1332210,Activated CD4 T cell,0.400849012,0.023
203,GSM1332221,Activated CD4 T cell,0.651381228,0.033
204,GSM1332222,Activated CD4 T cell,0.723300362,0.036
205,GSM1332223,Activated CD4 T cell,0.461268023,0.025
206,GSM1332224,Activated CD4 T cell,0.621854038,0.034
207,GSM1332225,Activated CD4 T cell,0.534930701,0.031
208,GSM1332226,Activated CD4 T cell,0.433885769,0.024
209,GSM1332227,Activated CD4 T cell,0.503853938,0.029
210,GSM1332228,Activated CD4 T cell,0.488232447,0.028
211,GSM1332229,Activated CD4 T cell,0.52847126,0.032
212,GSM1332230,Activated CD4 T cell,0.387776845,0.023
213,GSM302859,Activated CD4 T cell,0.486808879,0.025
214,GSM302864,Activated CD4 T cell,0.15036113,0.01
215,GSM302866,Activated CD4 T cell,0.0873229,0.006
216,GSM302870,Activated CD4 T cell,0.427935704,0.024
217,GSM302872,Activated CD4 T cell,0.573403935,0.031
218,GSM302882,Activated CD4 T cell,0.290401928,0.018
219,GSM302896,Activated CD4 T cell,0.584369891,0.033
220,GSM302900,Activated CD4 T cell,0.680889564,0.034
221,GSM302924,Activated CD4 T cell,0.190413523,0.013
222,GSM302927,Activated CD4 T cell,0.602057019,0.034
223,GSM302933,Activated CD4 T cell,0.631502947,0.035
224,GSM302943,Activated CD4 T cell,0.623913846,0.033
225,GSM303364,Activated CD4 T cell,0.667581351,0.038
226,GSM303366,Activated CD4 T cell,0.237821369,0.016
227,GSM303368,Activated CD4 T cell,0.628382692,0.033
228,GSM303520,Activated CD4 T cell,0.524013133,0.029
229,GSM303522,Activated CD4 T cell,0.500277488,0.028
230,GSM303523,Activated CD4 T cell,0.148743166,0.01
231,GSM303525,Activated CD4 T cell,0.284491115,0.018
232,GSM303531,Activated CD4 T cell,0.280671475,0.017
233,GSM303533,Activated CD4 T cell,0.37847965,0.021
234,GSM2048265,Activated CD4 T cell,0.108335265,0.009
235,GSM2048266,Activated CD4 T cell,0.034395953,0.003
236,GSM2048267,Activated CD4 T cell,0.482878211,0.03
237,GSM2048268,Activated CD4 T cell,0.257557277,0.018
238,GSM2048269,Activated CD4 T cell,0.213986734,0.015
239,GSM2048270,Activated CD4 T cell,0.291666966,0.017
240,GSM2048271,Activated CD4 T cell,0.230543024,0.017
241,GSM2048272,Activated CD4 T cell,0.322225375,0.021
242,GSM2048273,Activated CD4 T cell,0.243675224,0.017
243,GSM2048274,Activated CD4 T cell,0.543397098,0.032
244,GSM2048275,Activated CD4 T cell,0.674962448,0.038
245,GSM2048276,Activated CD4 T cell,0.812955459,0.039
246,GSM2048277,Activated CD4 T cell,0.682367947,0.042
247,GSM2048278,Activated CD4 T cell,0.361806479,0.025
248,GSM2048279,Activated CD4 T cell,0.699459545,0.034
249,GSM2048280,Activated CD4 T cell,0.430256836,0.024
250,GSM2048281,Activated CD4 T cell,0.852467246,0.043
251,GSM2048282,Activated CD4 T cell,0.424009117,0.027
252,GSM2048283,Activated CD4 T cell,0.744823002,0.04
253,GSM2048284,Activated CD4 T cell,0.524070759,0.039
254,GSM2048285,Activated CD4 T cell,0.707530837,0.037
255,GSM2048286,Activated CD4 T cell,0.267695839,0.019
256,GSM2048287,Activated CD4 T cell,0.886963552,0.042
257,GSM1332201,Central memory CD4 T cell,1,0.064
258,GSM1332202,Central memory CD4 T cell,0.939159417,0.066
259,GSM1332203,Central memory CD4 T cell,0.928001963,0.066
260,GSM1332204,Central memory CD4 T cell,0.906347992,0.064
261,GSM1332205,Central memory CD4 T cell,1.040836615,0.062
262,GSM1332206,Central memory CD4 T cell,1.049878101,0.063
263,GSM1332207,Central memory CD4 T cell,1.041222019,0.06
264,GSM1332208,Central memory CD4 T cell,1.015421286,0.062
265,GSM1332209,Central memory CD4 T cell,0.952519003,0.065
266,GSM1332210,Central memory CD4 T cell,1.072144742,0.06
267,GSM1332221,Central memory CD4 T cell,1.107905675,0.056
268,GSM1332222,Central memory CD4 T cell,1.100690314,0.054
269,GSM1332223,Central memory CD4 T cell,1.046382581,0.056
270,GSM1332224,Central memory CD4 T cell,1.000992993,0.055
271,GSM1332225,Central memory CD4 T cell,0.982411631,0.056
272,GSM1332226,Central memory CD4 T cell,1.06184023,0.059
273,GSM1332227,Central memory CD4 T cell,0.975880372,0.057
274,GSM1332228,Central memory CD4 T cell,0.983161655,0.057
275,GSM1332229,Central memory CD4 T cell,0.966675827,0.059
276,GSM1332230,Central memory CD4 T cell,0.995083713,0.058
277,GSM302859,Central memory CD4 T cell,1.129276715,0.059
278,GSM302864,Central memory CD4 T cell,0.985140197,0.063
279,GSM302866,Central memory CD4 T cell,1.001962505,0.065
280,GSM302870,Central memory CD4 T cell,0.981997329,0.055
281,GSM302872,Central memory CD4 T cell,1.056432549,0.058
282,GSM302882,Central memory CD4 T cell,1.019539492,0.063
283,GSM302896,Central memory CD4 T cell,1.021807972,0.058
284,GSM302900,Central memory CD4 T cell,1.093128506,0.055
285,GSM302924,Central memory CD4 T cell,0.946726797,0.064
286,GSM302927,Central memory CD4 T cell,1.00018373,0.056
287,GSM302933,Central memory CD4 T cell,1.003851356,0.055
288,GSM302943,Central memory CD4 T cell,0.996680124,0.053
289,GSM303364,Central memory CD4 T cell,0.994366105,0.056
290,GSM303366,Central memory CD4 T cell,0.944002807,0.065
291,GSM303368,Central memory CD4 T cell,1.084469472,0.056
292,GSM303520,Central memory CD4 T cell,1.001335216,0.056
293,GSM303522,Central memory CD4 T cell,1.0696015,0.06
294,GSM303523,Central memory CD4 T cell,0.961063169,0.063
295,GSM303525,Central memory CD4 T cell,0.940178482,0.06
296,GSM303531,Central memory CD4 T cell,0.968624893,0.06
297,GSM303533,Central memory CD4 T cell,1.067126136,0.058
298,GSM2048265,Central memory CD4 T cell,0.865481789,0.07
299,GSM2048266,Central memory CD4 T cell,0.91508095,0.075
300,GSM2048267,Central memory CD4 T cell,0.941665775,0.058
301,GSM2048268,Central memory CD4 T cell,0.904152931,0.062
302,GSM2048269,Central memory CD4 T cell,0.919270617,0.063
303,GSM2048270,Central memory CD4 T cell,1.010274582,0.059
304,GSM2048271,Central memory CD4 T cell,0.9013692,0.065
305,GSM2048272,Central memory CD4 T cell,0.963154153,0.064
306,GSM2048273,Central memory CD4 T cell,0.977916187,0.066
307,GSM2048274,Central memory CD4 T cell,0.983117989,0.059
308,GSM2048275,Central memory CD4 T cell,1.056883543,0.059
309,GSM2048276,Central memory CD4 T cell,1.124938796,0.054
310,GSM2048277,Central memory CD4 T cell,0.896275203,0.055
311,GSM2048278,Central memory CD4 T cell,0.889000752,0.061
312,GSM2048279,Central memory CD4 T cell,1.123561089,0.054
313,GSM2048280,Central memory CD4 T cell,1.091071998,0.06
314,GSM2048281,Central memory CD4 T cell,1.093153217,0.055
315,GSM2048282,Central memory CD4 T cell,0.904980144,0.059
316,GSM2048283,Central memory CD4 T cell,0.978243263,0.053
317,GSM2048284,Central memory CD4 T cell,0.831631856,0.063
318,GSM2048285,Central memory CD4 T cell,1.065328789,0.056
319,GSM2048286,Central memory CD4 T cell,0.920553896,0.065
320,GSM2048287,Central memory CD4 T cell,1.133099513,0.054
321,GSM1332201,Effector memeory CD4 T cell,0.649772536,0.042
322,GSM1332202,Effector memeory CD4 T cell,0.460513725,0.032
323,GSM1332203,Effector memeory CD4 T cell,0.433503036,0.031
324,GSM1332204,Effector memeory CD4 T cell,0.440410157,0.031
325,GSM1332205,Effector memeory CD4 T cell,0.564829552,0.033
326,GSM1332206,Effector memeory CD4 T cell,0.687761472,0.041
327,GSM1332207,Effector memeory CD4 T cell,0.564061965,0.032
328,GSM1332208,Effector memeory CD4 T cell,0.53813709,0.033
329,GSM1332209,Effector memeory CD4 T cell,0.517686964,0.035
330,GSM1332210,Effector memeory CD4 T cell,0.607275561,0.034
331,GSM1332221,Effector memeory CD4 T cell,0.644355403,0.032
332,GSM1332222,Effector memeory CD4 T cell,0.631427659,0.031
333,GSM1332223,Effector memeory CD4 T cell,0.662956179,0.036
334,GSM1332224,Effector memeory CD4 T cell,0.589974728,0.033
335,GSM1332225,Effector memeory CD4 T cell,0.543775747,0.031
336,GSM1332226,Effector memeory CD4 T cell,0.661992682,0.037
337,GSM1332227,Effector memeory CD4 T cell,0.586670502,0.034
338,GSM1332228,Effector memeory CD4 T cell,0.579994645,0.033
339,GSM1332229,Effector memeory CD4 T cell,0.572010143,0.035
340,GSM1332230,Effector memeory CD4 T cell,0.571288275,0.033
341,GSM302859,Effector memeory CD4 T cell,0.693470067,0.036
342,GSM302864,Effector memeory CD4 T cell,0.586212628,0.037
343,GSM302866,Effector memeory CD4 T cell,0.587791633,0.038
344,GSM302870,Effector memeory CD4 T cell,0.485718594,0.027
345,GSM302872,Effector memeory CD4 T cell,0.611373217,0.034
346,GSM302882,Effector memeory CD4 T cell,0.675943583,0.042
347,GSM302896,Effector memeory CD4 T cell,0.632096528,0.036
348,GSM302900,Effector memeory CD4 T cell,0.60937407,0.031
349,GSM302924,Effector memeory CD4 T cell,0.56302014,0.038
350,GSM302927,Effector memeory CD4 T cell,0.645130125,0.036
351,GSM302933,Effector memeory CD4 T cell,0.573034886,0.031
352,GSM302943,Effector memeory CD4 T cell,0.640399643,0.034
353,GSM303364,Effector memeory CD4 T cell,0.572377867,0.032
354,GSM303366,Effector memeory CD4 T cell,0.629085108,0.044
355,GSM303368,Effector memeory CD4 T cell,0.69508069,0.036
356,GSM303520,Effector memeory CD4 T cell,0.613959581,0.035
357,GSM303522,Effector memeory CD4 T cell,0.576518866,0.032
358,GSM303523,Effector memeory CD4 T cell,0.59768618,0.039
359,GSM303525,Effector memeory CD4 T cell,0.526078627,0.033
360,GSM303531,Effector memeory CD4 T cell,0.555052022,0.035
361,GSM303533,Effector memeory CD4 T cell,0.618271734,0.034
362,GSM2048265,Effector memeory CD4 T cell,0.70789732,0.057
363,GSM2048266,Effector memeory CD4 T cell,0.650889293,0.053
364,GSM2048267,Effector memeory CD4 T cell,0.786387032,0.049
365,GSM2048268,Effector memeory CD4 T cell,0.70974774,0.048
366,GSM2048269,Effector memeory CD4 T cell,0.704666648,0.049
367,GSM2048270,Effector memeory CD4 T cell,0.736461779,0.043
368,GSM2048271,Effector memeory CD4 T cell,0.638613599,0.046
369,GSM2048272,Effector memeory CD4 T cell,0.65177245,0.043
370,GSM2048273,Effector memeory CD4 T cell,0.809617709,0.055
371,GSM2048274,Effector memeory CD4 T cell,0.737476214,0.044
372,GSM2048275,Effector memeory CD4 T cell,0.779523577,0.044
373,GSM2048276,Effector memeory CD4 T cell,0.779569962,0.037
374,GSM2048277,Effector memeory CD4 T cell,0.663336095,0.041
375,GSM2048278,Effector memeory CD4 T cell,0.611560915,0.042
376,GSM2048279,Effector memeory CD4 T cell,0.734394221,0.035
377,GSM2048280,Effector memeory CD4 T cell,0.78902041,0.043
378,GSM2048281,Effector memeory CD4 T cell,0.837685364,0.042
379,GSM2048282,Effector memeory CD4 T cell,0.667784856,0.043
380,GSM2048283,Effector memeory CD4 T cell,0.663197632,0.036
381,GSM2048284,Effector memeory CD4 T cell,0.523435264,0.039
382,GSM2048285,Effector memeory CD4 T cell,0.785769535,0.041
383,GSM2048286,Effector memeory CD4 T cell,0.706078456,0.05
384,GSM2048287,Effector memeory CD4 T cell,0.805069857,0.038
385,GSM1332201,T follicular helper cell,0.519463388,0.033
386,GSM1332202,T follicular helper cell,0.484746398,0.034
387,GSM1332203,T follicular helper cell,0.465534346,0.033
388,GSM1332204,T follicular helper cell,0.464324532,0.033
389,GSM1332205,T follicular helper cell,0.591832454,0.035
390,GSM1332206,T follicular helper cell,0.512207022,0.031
391,GSM1332207,T follicular helper cell,0.54328813,0.031
392,GSM1332208,T follicular helper cell,0.495958738,0.03
393,GSM1332209,T follicular helper cell,0.460825767,0.031
394,GSM1332210,T follicular helper cell,0.578227929,0.033
395,GSM1332221,T follicular helper cell,0.601170947,0.03
396,GSM1332222,T follicular helper cell,0.726856004,0.036
397,GSM1332223,T follicular helper cell,0.654544972,0.035
398,GSM1332224,T follicular helper cell,0.55426466,0.031
399,GSM1332225,T follicular helper cell,0.549556616,0.031
400,GSM1332226,T follicular helper cell,0.545100033,0.031
401,GSM1332227,T follicular helper cell,0.545168123,0.032
402,GSM1332228,T follicular helper cell,0.527912852,0.03
403,GSM1332229,T follicular helper cell,0.532447322,0.032
404,GSM1332230,T follicular helper cell,0.525774701,0.031
405,GSM302859,T follicular helper cell,0.601720606,0.031
406,GSM302864,T follicular helper cell,0.561388728,0.036
407,GSM302866,T follicular helper cell,0.56288944,0.036
408,GSM302870,T follicular helper cell,0.529798902,0.03
409,GSM302872,T follicular helper cell,0.593959641,0.033
410,GSM302882,T follicular helper cell,0.616766908,0.038
411,GSM302896,T follicular helper cell,0.567142607,0.032
412,GSM302900,T follicular helper cell,0.609122997,0.031
413,GSM302924,T follicular helper cell,0.557305528,0.038
414,GSM302927,T follicular helper cell,0.581040998,0.032
415,GSM302933,T follicular helper cell,0.59974986,0.033
416,GSM302943,T follicular helper cell,0.631539781,0.034
417,GSM303364,T follicular helper cell,0.549841353,0.031
418,GSM303366,T follicular helper cell,0.523419227,0.036
419,GSM303368,T follicular helper cell,0.644258895,0.033
420,GSM303520,T follicular helper cell,0.623742365,0.035
421,GSM303522,T follicular helper cell,0.581109959,0.033
422,GSM303523,T follicular helper cell,0.560947214,0.037
423,GSM303525,T follicular helper cell,0.564010839,0.036
424,GSM303531,T follicular helper cell,0.570454174,0.036
425,GSM303533,T follicular helper cell,0.653937246,0.036
426,GSM2048265,T follicular helper cell,0.442647985,0.036
427,GSM2048266,T follicular helper cell,0.451796674,0.037
428,GSM2048267,T follicular helper cell,0.547759633,0.034
429,GSM2048268,T follicular helper cell,0.557739824,0.038
430,GSM2048269,T follicular helper cell,0.551766465,0.038
431,GSM2048270,T follicular helper cell,0.627199598,0.037
432,GSM2048271,T follicular helper cell,0.511117979,0.037
433,GSM2048272,T follicular helper cell,0.592105016,0.039
434,GSM2048273,T follicular helper cell,0.581400528,0.039
435,GSM2048274,T follicular helper cell,0.607672775,0.036
436,GSM2048275,T follicular helper cell,0.551943177,0.031
437,GSM2048276,T follicular helper cell,0.636321465,0.031
438,GSM2048277,T follicular helper cell,0.505939863,0.031
439,GSM2048278,T follicular helper cell,0.537574131,0.037
440,GSM2048279,T follicular helper cell,0.676168173,0.033
441,GSM2048280,T follicular helper cell,0.639240365,0.035
442,GSM2048281,T follicular helper cell,0.649440567,0.033
443,GSM2048282,T follicular helper cell,0.531425428,0.034
444,GSM2048283,T follicular helper cell,0.623462428,0.034
445,GSM2048284,T follicular helper cell,0.486373237,0.037
446,GSM2048285,T follicular helper cell,0.652883602,0.034
447,GSM2048286,T follicular helper cell,0.539201377,0.038
448,GSM2048287,T follicular helper cell,0.694265311,0.033
449,GSM1332201,Gamma delta T cell,0.727874524,0.047
450,GSM1332202,Gamma delta T cell,0.630252579,0.044
451,GSM1332203,Gamma delta T cell,0.527239918,0.038
452,GSM1332204,Gamma delta T cell,0.606686116,0.043
453,GSM1332205,Gamma delta T cell,0.666207819,0.039
454,GSM1332206,Gamma delta T cell,0.711378216,0.043
455,GSM1332207,Gamma delta T cell,0.671912698,0.039
456,GSM1332208,Gamma delta T cell,0.612667994,0.037
457,GSM1332209,Gamma delta T cell,0.693883641,0.047
458,GSM1332210,Gamma delta T cell,0.773312499,0.044
459,GSM1332221,Gamma delta T cell,0.877069244,0.044
460,GSM1332222,Gamma delta T cell,0.84812188,0.042
461,GSM1332223,Gamma delta T cell,0.864129218,0.046
462,GSM1332224,Gamma delta T cell,0.801860412,0.044
463,GSM1332225,Gamma delta T cell,0.766501386,0.044
464,GSM1332226,Gamma delta T cell,0.791784215,0.044
465,GSM1332227,Gamma delta T cell,0.755071808,0.044
466,GSM1332228,Gamma delta T cell,0.772900974,0.045
467,GSM1332229,Gamma delta T cell,0.733804382,0.045
468,GSM1332230,Gamma delta T cell,0.818465562,0.048
469,GSM302859,Gamma delta T cell,0.903070656,0.047
470,GSM302864,Gamma delta T cell,0.749511585,0.048
471,GSM302866,Gamma delta T cell,0.775341091,0.05
472,GSM302870,Gamma delta T cell,0.719516826,0.041
473,GSM302872,Gamma delta T cell,0.831956772,0.046
474,GSM302882,Gamma delta T cell,0.791215907,0.049
475,GSM302896,Gamma delta T cell,0.799956962,0.045
476,GSM302900,Gamma delta T cell,0.87132432,0.044
477,GSM302924,Gamma delta T cell,0.740336837,0.05
478,GSM302927,Gamma delta T cell,0.809163989,0.045
479,GSM302933,Gamma delta T cell,0.766277025,0.042
480,GSM302943,Gamma delta T cell,0.824687858,0.044
481,GSM303364,Gamma delta T cell,0.772486121,0.044
482,GSM303366,Gamma delta T cell,0.697981043,0.048
483,GSM303368,Gamma delta T cell,0.921333866,0.048
484,GSM303520,Gamma delta T cell,0.782369909,0.044
485,GSM303522,Gamma delta T cell,0.831676565,0.047
486,GSM303523,Gamma delta T cell,0.717290674,0.047
487,GSM303525,Gamma delta T cell,0.699028289,0.044
488,GSM303531,Gamma delta T cell,0.690351356,0.043
489,GSM303533,Gamma delta T cell,0.905729053,0.049
490,GSM2048265,Gamma delta T cell,0.703403344,0.057
491,GSM2048266,Gamma delta T cell,0.709687346,0.058
492,GSM2048267,Gamma delta T cell,0.754391096,0.047
493,GSM2048268,Gamma delta T cell,0.734364127,0.05
494,GSM2048269,Gamma delta T cell,0.724855089,0.05
495,GSM2048270,Gamma delta T cell,0.776393662,0.045
496,GSM2048271,Gamma delta T cell,0.69488262,0.05
497,GSM2048272,Gamma delta T cell,0.718668499,0.047
498,GSM2048273,Gamma delta T cell,0.740045657,0.05
499,GSM2048274,Gamma delta T cell,0.795197944,0.047
500,GSM2048275,Gamma delta T cell,0.860014632,0.048
501,GSM2048276,Gamma delta T cell,0.943004607,0.045
502,GSM2048277,Gamma delta T cell,0.753868869,0.046
503,GSM2048278,Gamma delta T cell,0.700521008,0.048
504,GSM2048279,Gamma delta T cell,0.948650275,0.046
505,GSM2048280,Gamma delta T cell,0.833868759,0.046
506,GSM2048281,Gamma delta T cell,0.960444191,0.049
507,GSM2048282,Gamma delta T cell,0.773777763,0.05
508,GSM2048283,Gamma delta T cell,0.844740608,0.046
509,GSM2048284,Gamma delta T cell,0.652871982,0.049
510,GSM2048285,Gamma delta T cell,0.915087925,0.048
511,GSM2048286,Gamma delta T cell,0.672628074,0.048
512,GSM2048287,Gamma delta T cell,0.984176746,0.047
513,GSM1332201,Type 1 T helper cell,0.546533039,0.035
514,GSM1332202,Type 1 T helper cell,0.497286688,0.035
515,GSM1332203,Type 1 T helper cell,0.505284456,0.036
516,GSM1332204,Type 1 T helper cell,0.498885756,0.035
517,GSM1332205,Type 1 T helper cell,0.633618572,0.038
518,GSM1332206,Type 1 T helper cell,0.613600222,0.037
519,GSM1332207,Type 1 T helper cell,0.638378954,0.037
520,GSM1332208,Type 1 T helper cell,0.597402366,0.036
521,GSM1332209,Type 1 T helper cell,0.513928698,0.035
522,GSM1332210,Type 1 T helper cell,0.606701391,0.034
523,GSM1332221,Type 1 T helper cell,0.654166254,0.033
524,GSM1332222,Type 1 T helper cell,0.686443383,0.034
525,GSM1332223,Type 1 T helper cell,0.617500753,0.033
526,GSM1332224,Type 1 T helper cell,0.591290102,0.033
527,GSM1332225,Type 1 T helper cell,0.597955411,0.034
528,GSM1332226,Type 1 T helper cell,0.593404426,0.033
529,GSM1332227,Type 1 T helper cell,0.573252708,0.033
530,GSM1332228,Type 1 T helper cell,0.584173398,0.034
531,GSM1332229,Type 1 T helper cell,0.5344555,0.032
532,GSM1332230,Type 1 T helper cell,0.588966049,0.034
533,GSM302859,Type 1 T helper cell,0.654869448,0.034
534,GSM302864,Type 1 T helper cell,0.535118962,0.034
535,GSM302866,Type 1 T helper cell,0.517563746,0.033
536,GSM302870,Type 1 T helper cell,0.600141119,0.034
537,GSM302872,Type 1 T helper cell,0.664521336,0.036
538,GSM302882,Type 1 T helper cell,0.556487126,0.034
539,GSM302896,Type 1 T helper cell,0.604305362,0.034
540,GSM302900,Type 1 T helper cell,0.696053781,0.035
541,GSM302924,Type 1 T helper cell,0.535304582,0.036
542,GSM302927,Type 1 T helper cell,0.613648151,0.034
543,GSM302933,Type 1 T helper cell,0.640322816,0.035
544,GSM302943,Type 1 T helper cell,0.630236867,0.034
545,GSM303364,Type 1 T helper cell,0.614448146,0.035
546,GSM303366,Type 1 T helper cell,0.528099051,0.037
547,GSM303368,Type 1 T helper cell,0.639792865,0.033
548,GSM303520,Type 1 T helper cell,0.594709373,0.033
549,GSM303522,Type 1 T helper cell,0.60016176,0.034
550,GSM303523,Type 1 T helper cell,0.520828571,0.034
551,GSM303525,Type 1 T helper cell,0.539562017,0.034
552,GSM303531,Type 1 T helper cell,0.561583364,0.035
553,GSM303533,Type 1 T helper cell,0.614261618,0.034
554,GSM2048265,Type 1 T helper cell,0.38083587,0.031
555,GSM2048266,Type 1 T helper cell,0.405175909,0.033
556,GSM2048267,Type 1 T helper cell,0.50381639,0.031
557,GSM2048268,Type 1 T helper cell,0.445594889,0.03
558,GSM2048269,Type 1 T helper cell,0.454358305,0.031
559,GSM2048270,Type 1 T helper cell,0.536218172,0.031
560,GSM2048271,Type 1 T helper cell,0.403399672,0.029
561,GSM2048272,Type 1 T helper cell,0.479164988,0.032
562,GSM2048273,Type 1 T helper cell,0.418547553,0.028
563,GSM2048274,Type 1 T helper cell,0.505023166,0.03
564,GSM2048275,Type 1 T helper cell,0.569079916,0.032
565,GSM2048276,Type 1 T helper cell,0.609992,0.029
566,GSM2048277,Type 1 T helper cell,0.441932884,0.027
567,GSM2048278,Type 1 T helper cell,0.475598845,0.033
568,GSM2048279,Type 1 T helper cell,0.65727896,0.032
569,GSM2048280,Type 1 T helper cell,0.502443519,0.028
570,GSM2048281,Type 1 T helper cell,0.625873969,0.032
571,GSM2048282,Type 1 T helper cell,0.493039185,0.032
572,GSM2048283,Type 1 T helper cell,0.525227307,0.029
573,GSM2048284,Type 1 T helper cell,0.387113151,0.029
574,GSM2048285,Type 1 T helper cell,0.611373096,0.032
575,GSM2048286,Type 1 T helper cell,0.444656137,0.032
576,GSM2048287,Type 1 T helper cell,0.664737105,0.032
577,GSM1332201,Type 17 T helper cell,0.350201403,0.023
578,GSM1332202,Type 17 T helper cell,0.298561575,0.021
579,GSM1332203,Type 17 T helper cell,0.339499964,0.024
580,GSM1332204,Type 17 T helper cell,0.329096489,0.023
581,GSM1332205,Type 17 T helper cell,0.481575295,0.029
582,GSM1332206,Type 17 T helper cell,0.387576708,0.023
583,GSM1332207,Type 17 T helper cell,0.452300582,0.026
584,GSM1332208,Type 17 T helper cell,0.527775017,0.032
585,GSM1332209,Type 17 T helper cell,0.30561571,0.021
586,GSM1332210,Type 17 T helper cell,0.469482902,0.026
587,GSM1332221,Type 17 T helper cell,0.463267285,0.023
588,GSM1332222,Type 17 T helper cell,0.461152709,0.023
589,GSM1332223,Type 17 T helper cell,0.525946759,0.028
590,GSM1332224,Type 17 T helper cell,0.374751168,0.021
591,GSM1332225,Type 17 T helper cell,0.4529747,0.026
592,GSM1332226,Type 17 T helper cell,0.413315717,0.023
593,GSM1332227,Type 17 T helper cell,0.39562177,0.023
594,GSM1332228,Type 17 T helper cell,0.394085406,0.023
595,GSM1332229,Type 17 T helper cell,0.334800524,0.02
596,GSM1332230,Type 17 T helper cell,0.35675912,0.021
597,GSM302859,Type 17 T helper cell,0.341633274,0.018
598,GSM302864,Type 17 T helper cell,0.268562462,0.017
599,GSM302866,Type 17 T helper cell,0.303839269,0.02
600,GSM302870,Type 17 T helper cell,0.406341705,0.023
601,GSM302872,Type 17 T helper cell,0.348131021,0.019
602,GSM302882,Type 17 T helper cell,0.357122981,0.022
603,GSM302896,Type 17 T helper cell,0.334245267,0.019
604,GSM302900,Type 17 T helper cell,0.440479682,0.022
605,GSM302924,Type 17 T helper cell,0.294804391,0.02
606,GSM302927,Type 17 T helper cell,0.33422817,0.019
607,GSM302933,Type 17 T helper cell,0.321041189,0.018
608,GSM302943,Type 17 T helper cell,0.31994202,0.017
609,GSM303364,Type 17 T helper cell,0.347543517,0.02
610,GSM303366,Type 17 T helper cell,0.256297682,0.018
611,GSM303368,Type 17 T helper cell,0.390857064,0.02
612,GSM303520,Type 17 T helper cell,0.42634429,0.024
613,GSM303522,Type 17 T helper cell,0.338354521,0.019
614,GSM303523,Type 17 T helper cell,0.31576641,0.021
615,GSM303525,Type 17 T helper cell,0.229655814,0.015
616,GSM303531,Type 17 T helper cell,0.2355462,0.015
617,GSM303533,Type 17 T helper cell,0.318809961,0.017
618,GSM2048265,Type 17 T helper cell,0.416435414,0.034
619,GSM2048266,Type 17 T helper cell,0.354738472,0.029
620,GSM2048267,Type 17 T helper cell,0.302428601,0.019
621,GSM2048268,Type 17 T helper cell,0.226063885,0.015
622,GSM2048269,Type 17 T helper cell,0.181302316,0.012
623,GSM2048270,Type 17 T helper cell,0.436212142,0.025
624,GSM2048271,Type 17 T helper cell,0.222128842,0.016
625,GSM2048272,Type 17 T helper cell,0.252994606,0.017
626,GSM2048273,Type 17 T helper cell,0.239738905,0.016
627,GSM2048274,Type 17 T helper cell,0.225633919,0.013
628,GSM2048275,Type 17 T helper cell,0.273859958,0.015
629,GSM2048276,Type 17 T helper cell,0.349837191,0.017
630,GSM2048277,Type 17 T helper cell,0.312716509,0.019
631,GSM2048278,Type 17 T helper cell,0.237560711,0.016
632,GSM2048279,Type 17 T helper cell,0.303008627,0.015
633,GSM2048280,Type 17 T helper cell,0.233079256,0.013
634,GSM2048281,Type 17 T helper cell,0.427465029,0.022
635,GSM2048282,Type 17 T helper cell,0.25354636,0.016
636,GSM2048283,Type 17 T helper cell,0.387867615,0.021
637,GSM2048284,Type 17 T helper cell,0.192574134,0.015
638,GSM2048285,Type 17 T helper cell,0.306848366,0.016
639,GSM2048286,Type 17 T helper cell,0.26408489,0.019
640,GSM2048287,Type 17 T helper cell,0.290205533,0.014
641,GSM1332201,Type 2 T helper cell,0.406301294,0.026
642,GSM1332202,Type 2 T helper cell,0.40553605,0.029
643,GSM1332203,Type 2 T helper cell,0.40871701,0.029
644,GSM1332204,Type 2 T helper cell,0.364783162,0.026
645,GSM1332205,Type 2 T helper cell,0.470547596,0.028
646,GSM1332206,Type 2 T helper cell,0.553252583,0.033
647,GSM1332207,Type 2 T helper cell,0.498838056,0.029
648,GSM1332208,Type 2 T helper cell,0.511109961,0.031
649,GSM1332209,Type 2 T helper cell,0.408578048,0.028
650,GSM1332210,Type 2 T helper cell,0.435504253,0.025
651,GSM1332221,Type 2 T helper cell,0.498706971,0.025
652,GSM1332222,Type 2 T helper cell,0.456491369,0.023
653,GSM1332223,Type 2 T helper cell,0.400219725,0.022
654,GSM1332224,Type 2 T helper cell,0.387803493,0.021
655,GSM1332225,Type 2 T helper cell,0.364154535,0.021
656,GSM1332226,Type 2 T helper cell,0.449049948,0.025
657,GSM1332227,Type 2 T helper cell,0.36953352,0.022
658,GSM1332228,Type 2 T helper cell,0.36612339,0.021
659,GSM1332229,Type 2 T helper cell,0.308957029,0.019
660,GSM1332230,Type 2 T helper cell,0.390642349,0.023
661,GSM302859,Type 2 T helper cell,0.517415992,0.027
662,GSM302864,Type 2 T helper cell,0.359732178,0.023
663,GSM302866,Type 2 T helper cell,0.465969517,0.03
664,GSM302870,Type 2 T helper cell,0.293701609,0.017
665,GSM302872,Type 2 T helper cell,0.465753996,0.026
666,GSM302882,Type 2 T helper cell,0.40893452,0.025
667,GSM302896,Type 2 T helper cell,0.444989347,0.025
668,GSM302900,Type 2 T helper cell,0.493254844,0.025
669,GSM302924,Type 2 T helper cell,0.366653012,0.025
670,GSM302927,Type 2 T helper cell,0.410951999,0.023
671,GSM302933,Type 2 T helper cell,0.375397568,0.021
672,GSM302943,Type 2 T helper cell,0.432985136,0.023
673,GSM303364,Type 2 T helper cell,0.418661704,0.024
674,GSM303366,Type 2 T helper cell,0.35496386,0.025
675,GSM303368,Type 2 T helper cell,0.405509961,0.021
676,GSM303520,Type 2 T helper cell,0.381809675,0.021
677,GSM303522,Type 2 T helper cell,0.437550385,0.025
678,GSM303523,Type 2 T helper cell,0.320966675,0.021
679,GSM303525,Type 2 T helper cell,0.348084222,0.022
680,GSM303531,Type 2 T helper cell,0.357201706,0.022
681,GSM303533,Type 2 T helper cell,0.425044355,0.023
682,GSM2048265,Type 2 T helper cell,0.472158136,0.038
683,GSM2048266,Type 2 T helper cell,0.460141557,0.038
684,GSM2048267,Type 2 T helper cell,0.632764231,0.039
685,GSM2048268,Type 2 T helper cell,0.57811887,0.039
686,GSM2048269,Type 2 T helper cell,0.597879802,0.041
687,GSM2048270,Type 2 T helper cell,0.672185161,0.039
688,GSM2048271,Type 2 T helper cell,0.549799291,0.039
689,GSM2048272,Type 2 T helper cell,0.63839636,0.042
690,GSM2048273,Type 2 T helper cell,0.641643755,0.044
691,GSM2048274,Type 2 T helper cell,0.583010597,0.035
692,GSM2048275,Type 2 T helper cell,0.580558397,0.033
693,GSM2048276,Type 2 T helper cell,0.698754394,0.034
694,GSM2048277,Type 2 T helper cell,0.567894295,0.035
695,GSM2048278,Type 2 T helper cell,0.503214354,0.034
696,GSM2048279,Type 2 T helper cell,0.750625875,0.036
697,GSM2048280,Type 2 T helper cell,0.629687431,0.035
698,GSM2048281,Type 2 T helper cell,0.655189286,0.033
699,GSM2048282,Type 2 T helper cell,0.586707475,0.038
700,GSM2048283,Type 2 T helper cell,0.512485034,0.028
701,GSM2048284,Type 2 T helper cell,0.46094862,0.035
702,GSM2048285,Type 2 T helper cell,0.722212605,0.038
703,GSM2048286,Type 2 T helper cell,0.579746663,0.041
704,GSM2048287,Type 2 T helper cell,0.642223087,0.03
705,GSM1332201,Regulatory T cell,0.653813579,0.042
706,GSM1332202,Regulatory T cell,0.591956735,0.042
707,GSM1332203,Regulatory T cell,0.585369609,0.042
708,GSM1332204,Regulatory T cell,0.563405116,0.04
709,GSM1332205,Regulatory T cell,0.787521719,0.047
710,GSM1332206,Regulatory T cell,0.721617409,0.043
711,GSM1332207,Regulatory T cell,0.804207097,0.046
712,GSM1332208,Regulatory T cell,0.640337307,0.039
713,GSM1332209,Regulatory T cell,0.663575631,0.045
714,GSM1332210,Regulatory T cell,0.71431125,0.04
715,GSM1332221,Regulatory T cell,0.879072604,0.044
716,GSM1332222,Regulatory T cell,0.815539261,0.04
717,GSM1332223,Regulatory T cell,0.891661455,0.048
718,GSM1332224,Regulatory T cell,0.745907311,0.041
719,GSM1332225,Regulatory T cell,0.741113025,0.042
720,GSM1332226,Regulatory T cell,0.785649313,0.044
721,GSM1332227,Regulatory T cell,0.747132439,0.043
722,GSM1332228,Regulatory T cell,0.738887067,0.043
723,GSM1332229,Regulatory T cell,0.655122528,0.04
724,GSM1332230,Regulatory T cell,0.765158964,0.045
725,GSM302859,Regulatory T cell,0.814588729,0.043
726,GSM302864,Regulatory T cell,0.730545178,0.047
727,GSM302866,Regulatory T cell,0.667533528,0.043
728,GSM302870,Regulatory T cell,0.790491196,0.045
729,GSM302872,Regulatory T cell,0.805298769,0.044
730,GSM302882,Regulatory T cell,0.711847358,0.044
731,GSM302896,Regulatory T cell,0.787696988,0.045
732,GSM302900,Regulatory T cell,0.825788213,0.042
733,GSM302924,Regulatory T cell,0.742597024,0.05
734,GSM302927,Regulatory T cell,0.795371802,0.044
735,GSM302933,Regulatory T cell,0.807759932,0.044
736,GSM302943,Regulatory T cell,0.850081747,0.046
737,GSM303364,Regulatory T cell,0.764495167,0.043
738,GSM303366,Regulatory T cell,0.673460011,0.047
739,GSM303368,Regulatory T cell,0.861668875,0.045
740,GSM303520,Regulatory T cell,0.856156688,0.048
741,GSM303522,Regulatory T cell,0.764639738,0.043
742,GSM303523,Regulatory T cell,0.693704464,0.045
743,GSM303525,Regulatory T cell,0.709114857,0.045
744,GSM303531,Regulatory T cell,0.740303723,0.046
745,GSM303533,Regulatory T cell,0.822434769,0.045
746,GSM2048265,Regulatory T cell,0.401302979,0.032
747,GSM2048266,Regulatory T cell,0.34149522,0.028
748,GSM2048267,Regulatory T cell,0.668266831,0.041
749,GSM2048268,Regulatory T cell,0.562859139,0.038
750,GSM2048269,Regulatory T cell,0.576394731,0.04
751,GSM2048270,Regulatory T cell,0.653571721,0.038
752,GSM2048271,Regulatory T cell,0.550000386,0.039
753,GSM2048272,Regulatory T cell,0.565124964,0.037
754,GSM2048273,Regulatory T cell,0.546653343,0.037
755,GSM2048274,Regulatory T cell,0.714796816,0.043
756,GSM2048275,Regulatory T cell,0.702966428,0.039
757,GSM2048276,Regulatory T cell,0.86456855,0.042
758,GSM2048277,Regulatory T cell,0.660407487,0.041
759,GSM2048278,Regulatory T cell,0.651014651,0.044
760,GSM2048279,Regulatory T cell,0.855651199,0.041
761,GSM2048280,Regulatory T cell,0.722076911,0.04
762,GSM2048281,Regulatory T cell,0.87405396,0.044
763,GSM2048282,Regulatory T cell,0.666593141,0.043
764,GSM2048283,Regulatory T cell,0.794837183,0.043
765,GSM2048284,Regulatory T cell,0.63968475,0.048
766,GSM2048285,Regulatory T cell,0.822455472,0.043
767,GSM2048286,Regulatory T cell,0.6022674,0.043
768,GSM2048287,Regulatory T cell,0.871844576,0.041
769,GSM1332201,Activated B cell,0,0
770,GSM1332202,Activated B cell,-0.060840583,-0.004
771,GSM1332203,Activated B cell,-0.071998037,-0.005
772,GSM1332204,Activated B cell,-0.075959162,-0.005
773,GSM1332205,Activated B cell,0.050098188,0.003
774,GSM1332206,Activated B cell,0.053671543,0.003
775,GSM1332207,Activated B cell,0.046240598,0.003
776,GSM1332208,Activated B cell,0.059638964,0.004
777,GSM1332209,Activated B cell,-0.047480997,-0.003
778,GSM1332210,Activated B cell,0.157217219,0.009
779,GSM1332221,Activated B cell,0.567207298,0.029
780,GSM1332222,Activated B cell,0.860283901,0.042
781,GSM1332223,Activated B cell,0.366694135,0.02
782,GSM1332224,Activated B cell,0.727757395,0.04
783,GSM1332225,Activated B cell,0.666169062,0.038
784,GSM1332226,Activated B cell,0.492047491,0.028
785,GSM1332227,Activated B cell,0.454903986,0.026
786,GSM1332228,Activated B cell,0.612558386,0.035
787,GSM1332229,Activated B cell,0.519053376,0.032
788,GSM1332230,Activated B cell,0.510847347,0.03
789,GSM302859,Activated B cell,0.178672794,0.009
790,GSM302864,Activated B cell,-0.014859803,-0.001
791,GSM302866,Activated B cell,0.034625551,0.002
792,GSM302870,Activated B cell,-0.00394665,0
793,GSM302872,Activated B cell,0.471263511,0.026
794,GSM302882,Activated B cell,0.081119109,0.005
795,GSM302896,Activated B cell,0.540882945,0.031
796,GSM302900,Activated B cell,0.639045926,0.032
797,GSM302924,Activated B cell,0.208057312,0.014
798,GSM302927,Activated B cell,0.63104067,0.035
799,GSM302933,Activated B cell,1.002188026,0.055
800,GSM302943,Activated B cell,0.639912725,0.034
801,GSM303364,Activated B cell,0.825652068,0.047
802,GSM303366,Activated B cell,-0.010883488,-0.001
803,GSM303368,Activated B cell,0.667178267,0.035
804,GSM303520,Activated B cell,0.258643511,0.015
805,GSM303522,Activated B cell,0.0696015,0.004
806,GSM303523,Activated B cell,0.094141381,0.006
807,GSM303525,Activated B cell,0.097233752,0.006
808,GSM303531,Activated B cell,0.034360793,0.002
809,GSM303533,Activated B cell,0.122335154,0.007
810,GSM2048265,Activated B cell,-0.112513011,-0.009
811,GSM2048266,Activated B cell,-0.079216508,-0.006
812,GSM2048267,Activated B cell,-0.037769318,-0.002
813,GSM2048268,Activated B cell,-0.090984573,-0.006
814,GSM2048269,Activated B cell,-0.080729383,-0.006
815,GSM2048270,Activated B cell,0.030728639,0.002
816,GSM2048271,Activated B cell,-0.0986308,-0.007
817,GSM2048272,Activated B cell,-0.036845847,-0.002
818,GSM2048273,Activated B cell,0.009900871,0.001
819,GSM2048274,Activated B cell,0.219327652,0.013
820,GSM2048275,Activated B cell,0.621818583,0.035
821,GSM2048276,Activated B cell,0.579299251,0.028
822,GSM2048277,Activated B cell,-0.071068325,-0.004
823,GSM2048278,Activated B cell,-0.105664496,-0.007
824,GSM2048279,Activated B cell,0.425088826,0.021
825,GSM2048280,Activated B cell,0.194471865,0.011
826,GSM2048281,Activated B cell,0.40906957,0.021
827,GSM2048282,Activated B cell,-0.069622642,-0.005
828,GSM2048283,Activated B cell,0.505230713,0.027
829,GSM2048284,Activated B cell,-0.168368144,-0.013
830,GSM2048285,Activated B cell,0.120708064,0.006
831,GSM2048286,Activated B cell,-0.079446104,-0.006
832,GSM2048287,Activated B cell,0.796791949,0.038
833,GSM1332201,Immature  B cell,0.325370031,0.021
834,GSM1332202,Immature  B cell,0.408982701,0.029
835,GSM1332203,Immature  B cell,0.357090309,0.026
836,GSM1332204,Immature  B cell,0.419970387,0.029
837,GSM1332205,Immature  B cell,0.429289774,0.025
838,GSM1332206,Immature  B cell,0.526348443,0.032
839,GSM1332207,Immature  B cell,0.342692507,0.02
840,GSM1332208,Immature  B cell,0.490398886,0.03
841,GSM1332209,Immature  B cell,0.493340014,0.034
842,GSM1332210,Immature  B cell,0.406990354,0.023
843,GSM1332221,Immature  B cell,0.756173142,0.038
844,GSM1332222,Immature  B cell,0.927479126,0.046
845,GSM1332223,Immature  B cell,0.545906085,0.029
846,GSM1332224,Immature  B cell,0.73281911,0.04
847,GSM1332225,Immature  B cell,0.571137938,0.033
848,GSM1332226,Immature  B cell,0.756532655,0.042
849,GSM1332227,Immature  B cell,0.702660136,0.041
850,GSM1332228,Immature  B cell,0.643073289,0.037
851,GSM1332229,Immature  B cell,0.53840335,0.033
852,GSM1332230,Immature  B cell,0.598226685,0.035
853,GSM302859,Immature  B cell,0.609439285,0.032
854,GSM302864,Immature  B cell,0.691304889,0.044
855,GSM302866,Immature  B cell,0.492064124,0.032
856,GSM302870,Immature  B cell,0.63192593,0.036
857,GSM302872,Immature  B cell,0.639120687,0.035
858,GSM302882,Immature  B cell,0.530322534,0.033
859,GSM302896,Immature  B cell,0.537367148,0.03
860,GSM302900,Immature  B cell,0.886550948,0.045
861,GSM302924,Immature  B cell,0.387290247,0.026
862,GSM302927,Immature  B cell,0.779574416,0.043
863,GSM302933,Immature  B cell,0.741262584,0.041
864,GSM302943,Immature  B cell,0.789654036,0.042
865,GSM303364,Immature  B cell,0.552548698,0.031
866,GSM303366,Immature  B cell,0.447899749,0.031
867,GSM303368,Immature  B cell,0.663673415,0.034
868,GSM303520,Immature  B cell,0.727982435,0.041
869,GSM303522,Immature  B cell,0.676325034,0.038
870,GSM303523,Immature  B cell,0.521895086,0.034
871,GSM303525,Immature  B cell,0.657069247,0.042
872,GSM303531,Immature  B cell,0.685100911,0.043
873,GSM303533,Immature  B cell,0.524622675,0.029
874,GSM2048265,Immature  B cell,0.378124621,0.03
875,GSM2048266,Immature  B cell,0.395979327,0.032
876,GSM2048267,Immature  B cell,0.619343191,0.038
877,GSM2048268,Immature  B cell,0.499103937,0.034
878,GSM2048269,Immature  B cell,0.507063987,0.035
879,GSM2048270,Immature  B cell,0.651155225,0.038
880,GSM2048271,Immature  B cell,0.497415021,0.036
881,GSM2048272,Immature  B cell,0.554867636,0.037
882,GSM2048273,Immature  B cell,0.470251656,0.032
883,GSM2048274,Immature  B cell,0.531955568,0.032
884,GSM2048275,Immature  B cell,0.603639955,0.034
885,GSM2048276,Immature  B cell,0.971540631,0.047
886,GSM2048277,Immature  B cell,0.419621371,0.026
887,GSM2048278,Immature  B cell,0.575309536,0.039
888,GSM2048279,Immature  B cell,0.892689894,0.043
889,GSM2048280,Immature  B cell,0.684106093,0.038
890,GSM2048281,Immature  B cell,0.785972836,0.04
891,GSM2048282,Immature  B cell,0.546295269,0.035
892,GSM2048283,Immature  B cell,0.622569229,0.034
893,GSM2048284,Immature  B cell,0.404520027,0.03
894,GSM2048285,Immature  B cell,0.664966171,0.035
895,GSM2048286,Immature  B cell,0.415348103,0.029
896,GSM2048287,Immature  B cell,0.812128577,0.039
897,GSM1332201,Memory B cell,0.478238886,0.031
898,GSM1332202,Memory B cell,0.456319087,0.032
899,GSM1332203,Memory B cell,0.592766433,0.042
900,GSM1332204,Memory B cell,0.463980766,0.033
901,GSM1332205,Memory B cell,0.49224466,0.029
902,GSM1332206,Memory B cell,0.575059924,0.034
903,GSM1332207,Memory B cell,0.562934948,0.032
904,GSM1332208,Memory B cell,0.5139954,0.031
905,GSM1332209,Memory B cell,0.444288383,0.03
906,GSM1332210,Memory B cell,0.63882237,0.036
907,GSM1332221,Memory B cell,0.673954995,0.034
908,GSM1332222,Memory B cell,0.654775146,0.032
909,GSM1332223,Memory B cell,0.442014335,0.024
910,GSM1332224,Memory B cell,0.498028724,0.027
911,GSM1332225,Memory B cell,0.416020976,0.024
912,GSM1332226,Memory B cell,0.633018377,0.035
913,GSM1332227,Memory B cell,0.470729449,0.027
914,GSM1332228,Memory B cell,0.42333425,0.024
915,GSM1332229,Memory B cell,0.385271852,0.023
916,GSM1332230,Memory B cell,0.512167151,0.03
917,GSM302859,Memory B cell,0.558641217,0.029
918,GSM302864,Memory B cell,0.477326672,0.03
919,GSM302866,Memory B cell,0.414463505,0.027
920,GSM302870,Memory B cell,0.466845593,0.026
921,GSM302872,Memory B cell,0.443279746,0.024
922,GSM302882,Memory B cell,0.431768772,0.027
923,GSM302896,Memory B cell,0.486045263,0.028
924,GSM302900,Memory B cell,0.514076981,0.026
925,GSM302924,Memory B cell,0.393649488,0.027
926,GSM302927,Memory B cell,0.42160133,0.023
927,GSM302933,Memory B cell,0.480618146,0.026
928,GSM302943,Memory B cell,0.495930994,0.027
929,GSM303364,Memory B cell,0.44553391,0.025
930,GSM303366,Memory B cell,0.404080035,0.028
931,GSM303368,Memory B cell,0.415545379,0.022
932,GSM303520,Memory B cell,0.4046528,0.023
933,GSM303522,Memory B cell,0.580513663,0.033
934,GSM303523,Memory B cell,0.47842889,0.031
935,GSM303525,Memory B cell,0.592864694,0.038
936,GSM303531,Memory B cell,0.622230989,0.039
937,GSM303533,Memory B cell,0.607395351,0.033
938,GSM2048265,Memory B cell,0.35622184,0.029
939,GSM2048266,Memory B cell,0.296985073,0.024
940,GSM2048267,Memory B cell,0.643506462,0.04
941,GSM2048268,Memory B cell,0.594299907,0.04
942,GSM2048269,Memory B cell,0.631529508,0.044
943,GSM2048270,Memory B cell,0.773026821,0.045
944,GSM2048271,Memory B cell,0.588658369,0.042
945,GSM2048272,Memory B cell,0.577524245,0.038
946,GSM2048273,Memory B cell,0.57980485,0.039
947,GSM2048274,Memory B cell,0.62273586,0.037
948,GSM2048275,Memory B cell,0.490274228,0.027
949,GSM2048276,Memory B cell,0.675787412,0.032
950,GSM2048277,Memory B cell,0.679375422,0.042
951,GSM2048278,Memory B cell,0.583347587,0.04
952,GSM2048279,Memory B cell,0.780067486,0.038
953,GSM2048280,Memory B cell,0.785478963,0.043
954,GSM2048281,Memory B cell,0.584647376,0.03
955,GSM2048282,Memory B cell,0.641650302,0.041
956,GSM2048283,Memory B cell,0.541534025,0.029
957,GSM2048284,Memory B cell,0.611417531,0.046
958,GSM2048285,Memory B cell,0.640081522,0.034
959,GSM2048286,Memory B cell,0.570166156,0.04
960,GSM2048287,Memory B cell,0.547470275,0.026
961,GSM1332201,Natural killer cell,0.566793671,0.036
962,GSM1332202,Natural killer cell,0.563363162,0.04
963,GSM1332203,Natural killer cell,0.586510666,0.042
964,GSM1332204,Natural killer cell,0.550414017,0.039
965,GSM1332205,Natural killer cell,0.628934848,0.037
966,GSM1332206,Natural killer cell,0.620381024,0.037
967,GSM1332207,Natural killer cell,0.63555665,0.036
968,GSM1332208,Natural killer cell,0.653171021,0.04
969,GSM1332209,Natural killer cell,0.542481912,0.037
970,GSM1332210,Natural killer cell,0.62456389,0.035
971,GSM1332221,Natural killer cell,0.747054904,0.038
972,GSM1332222,Natural killer cell,0.672966338,0.033
973,GSM1332223,Natural killer cell,0.648150965,0.035
974,GSM1332224,Natural killer cell,0.610476035,0.034
975,GSM1332225,Natural killer cell,0.6201116,0.036
976,GSM1332226,Natural killer cell,0.623010009,0.035
977,GSM1332227,Natural killer cell,0.611479756,0.036
978,GSM1332228,Natural killer cell,0.608512573,0.035
979,GSM1332229,Natural killer cell,0.571451102,0.035
980,GSM1332230,Natural killer cell,0.650580014,0.038
981,GSM302859,Natural killer cell,0.635053339,0.033
982,GSM302864,Natural killer cell,0.629068413,0.04
983,GSM302866,Natural killer cell,0.626015307,0.04
984,GSM302870,Natural killer cell,0.624100763,0.035
985,GSM302872,Natural killer cell,0.682608881,0.037
986,GSM302882,Natural killer cell,0.624240498,0.038
987,GSM302896,Natural killer cell,0.614782889,0.035
988,GSM302900,Natural killer cell,0.713431851,0.036
989,GSM302924,Natural killer cell,0.557192957,0.038
990,GSM302927,Natural killer cell,0.609107917,0.034
991,GSM302933,Natural killer cell,0.601560698,0.033
992,GSM302943,Natural killer cell,0.627111504,0.034
993,GSM303364,Natural killer cell,0.573383533,0.032
994,GSM303366,Natural killer cell,0.516907246,0.036
995,GSM303368,Natural killer cell,0.66018663,0.034
996,GSM303520,Natural killer cell,0.633964017,0.036
997,GSM303522,Natural killer cell,0.648355117,0.036
998,GSM303523,Natural killer cell,0.601493663,0.039
999,GSM303525,Natural killer cell,0.616275615,0.039
1000,GSM303531,Natural killer cell,0.642488236,0.04
1001,GSM303533,Natural killer cell,0.704690873,0.038
1002,GSM2048265,Natural killer cell,0.576055647,0.046
1003,GSM2048266,Natural killer cell,0.596360038,0.049
1004,GSM2048267,Natural killer cell,0.675131046,0.042
1005,GSM2048268,Natural killer cell,0.621228567,0.042
1006,GSM2048269,Natural killer cell,0.638917423,0.044
1007,GSM2048270,Natural killer cell,0.670007611,0.039
1008,GSM2048271,Natural killer cell,0.616940455,0.044
1009,GSM2048272,Natural killer cell,0.633402816,0.042
1010,GSM2048273,Natural killer cell,0.639202781,0.043
1011,GSM2048274,Natural killer cell,0.736676471,0.044
1012,GSM2048275,Natural killer cell,0.621023627,0.035
1013,GSM2048276,Natural killer cell,0.766441108,0.037
1014,GSM2048277,Natural killer cell,0.506506149,0.031
1015,GSM2048278,Natural killer cell,0.638228378,0.044
1016,GSM2048279,Natural killer cell,0.778764106,0.038
1017,GSM2048280,Natural killer cell,0.775109965,0.043
1018,GSM2048281,Natural killer cell,0.719196534,0.036
1019,GSM2048282,Natural killer cell,0.663511727,0.043
1020,GSM2048283,Natural killer cell,0.629017563,0.034
1021,GSM2048284,Natural killer cell,0.532822226,0.04
1022,GSM2048285,Natural killer cell,0.702670469,0.037
1023,GSM2048286,Natural killer cell,0.620992492,0.044
1024,GSM2048287,Natural killer cell,0.735984238,0.035
1025,GSM1332201,CD56bright natural killer cell,0.653531167,0.042
1026,GSM1332202,CD56bright natural killer cell,0.585226829,0.041
1027,GSM1332203,CD56bright natural killer cell,0.552241683,0.04
1028,GSM1332204,CD56bright natural killer cell,0.575210438,0.04
1029,GSM1332205,CD56bright natural killer cell,0.64248333,0.038
1030,GSM1332206,CD56bright natural killer cell,0.709156369,0.043
1031,GSM1332207,CD56bright natural killer cell,0.692056535,0.04
1032,GSM1332208,CD56bright natural killer cell,0.651635732,0.04
1033,GSM1332209,CD56bright natural killer cell,0.596614606,0.041
1034,GSM1332210,CD56bright natural killer cell,0.701861621,0.04
1035,GSM1332221,CD56bright natural killer cell,0.696822647,0.035
1036,GSM1332222,CD56bright natural killer cell,0.713979251,0.035
1037,GSM1332223,CD56bright natural killer cell,0.692688623,0.037
1038,GSM1332224,CD56bright natural killer cell,0.602452831,0.033
1039,GSM1332225,CD56bright natural killer cell,0.666534995,0.038
1040,GSM1332226,CD56bright natural killer cell,0.676304132,0.038
1041,GSM1332227,CD56bright natural killer cell,0.636199816,0.037
1042,GSM1332228,CD56bright natural killer cell,0.61759982,0.036
1043,GSM1332229,CD56bright natural killer cell,0.592032412,0.036
1044,GSM1332230,CD56bright natural killer cell,0.631369813,0.037
1045,GSM302859,CD56bright natural killer cell,0.716430605,0.037
1046,GSM302864,CD56bright natural killer cell,0.619510492,0.04
1047,GSM302866,CD56bright natural killer cell,0.655099934,0.042
1048,GSM302870,CD56bright natural killer cell,0.628820364,0.035
1049,GSM302872,CD56bright natural killer cell,0.679322699,0.037
1050,GSM302882,CD56bright natural killer cell,0.682046569,0.042
1051,GSM302896,CD56bright natural killer cell,0.653975044,0.037
1052,GSM302900,CD56bright natural killer cell,0.718347662,0.036
1053,GSM302924,CD56bright natural killer cell,0.634330987,0.043
1054,GSM302927,CD56bright natural killer cell,0.645754988,0.036
1055,GSM302933,CD56bright natural killer cell,0.640727586,0.035
1056,GSM302943,CD56bright natural killer cell,0.65069365,0.035
1057,GSM303364,CD56bright natural killer cell,0.58662963,0.033
1058,GSM303366,CD56bright natural killer cell,0.582138849,0.04
1059,GSM303368,CD56bright natural killer cell,0.660048258,0.034
1060,GSM303520,CD56bright natural killer cell,0.569889844,0.032
1061,GSM303522,CD56bright natural killer cell,0.663479132,0.037
1062,GSM303523,CD56bright natural killer cell,0.612886535,0.04
1063,GSM303525,CD56bright natural killer cell,0.570563854,0.036
1064,GSM303531,CD56bright natural killer cell,0.556173274,0.035
1065,GSM303533,CD56bright natural killer cell,0.645901319,0.035
1066,GSM2048265,CD56bright natural killer cell,0.633344804,0.051
1067,GSM2048266,CD56bright natural killer cell,0.606524693,0.05
1068,GSM2048267,CD56bright natural killer cell,0.647879594,0.04
1069,GSM2048268,CD56bright natural killer cell,0.605121143,0.041
1070,GSM2048269,CD56bright natural killer cell,0.627273053,0.043
1071,GSM2048270,CD56bright natural killer cell,0.708171021,0.041
1072,GSM2048271,CD56bright natural killer cell,0.588082223,0.042
1073,GSM2048272,CD56bright natural killer cell,0.663592229,0.044
1074,GSM2048273,CD56bright natural killer cell,0.683979792,0.046
1075,GSM2048274,CD56bright natural killer cell,0.682870041,0.041
1076,GSM2048275,CD56bright natural killer cell,0.662988129,0.037
1077,GSM2048276,CD56bright natural killer cell,0.801637827,0.038
1078,GSM2048277,CD56bright natural killer cell,0.639553898,0.039
1079,GSM2048278,CD56bright natural killer cell,0.614529378,0.042
1080,GSM2048279,CD56bright natural killer cell,0.797009732,0.038
1081,GSM2048280,CD56bright natural killer cell,0.754679287,0.042
1082,GSM2048281,CD56bright natural killer cell,0.746959686,0.038
1083,GSM2048282,CD56bright natural killer cell,0.617834954,0.04
1084,GSM2048283,CD56bright natural killer cell,0.651237877,0.035
1085,GSM2048284,CD56bright natural killer cell,0.525355586,0.04
1086,GSM2048285,CD56bright natural killer cell,0.705860808,0.037
1087,GSM2048286,CD56bright natural killer cell,0.609681375,0.043
1088,GSM2048287,CD56bright natural killer cell,0.80883213,0.038
1089,GSM1332201,CD56dim natural killer cell,0.436879341,0.028
1090,GSM1332202,CD56dim natural killer cell,0.379550693,0.027
1091,GSM1332203,CD56dim natural killer cell,0.413190224,0.03
1092,GSM1332204,CD56dim natural killer cell,0.421514384,0.03
1093,GSM1332205,CD56dim natural killer cell,0.495913221,0.029
1094,GSM1332206,CD56dim natural killer cell,0.407958857,0.024
1095,GSM1332207,CD56dim natural killer cell,0.491906868,0.028
1096,GSM1332208,CD56dim natural killer cell,0.606015612,0.037
1097,GSM1332209,CD56dim natural killer cell,0.468638507,0.032
1098,GSM1332210,CD56dim natural killer cell,0.412536329,0.023
1099,GSM1332221,CD56dim natural killer cell,0.496790458,0.025
1100,GSM1332222,CD56dim natural killer cell,0.368526997,0.018
1101,GSM1332223,CD56dim natural killer cell,0.474712968,0.026
1102,GSM1332224,CD56dim natural killer cell,0.476333835,0.026
1103,GSM1332225,CD56dim natural killer cell,0.469091057,0.027
1104,GSM1332226,CD56dim natural killer cell,0.376899001,0.021
1105,GSM1332227,CD56dim natural killer cell,0.508392094,0.03
1106,GSM1332228,CD56dim natural killer cell,0.538841086,0.031
1107,GSM1332229,CD56dim natural killer cell,0.442751144,0.027
1108,GSM1332230,CD56dim natural killer cell,0.470661723,0.027
1109,GSM302859,CD56dim natural killer cell,0.646201374,0.034
1110,GSM302864,CD56dim natural killer cell,0.433124919,0.028
1111,GSM302866,CD56dim natural killer cell,0.422136622,0.027
1112,GSM302870,CD56dim natural killer cell,0.415262624,0.023
1113,GSM302872,CD56dim natural killer cell,0.513622821,0.028
1114,GSM302882,CD56dim natural killer cell,0.589927863,0.036
1115,GSM302896,CD56dim natural killer cell,0.519660961,0.029
1116,GSM302900,CD56dim natural killer cell,0.590331988,0.03
1117,GSM302924,CD56dim natural killer cell,0.526484996,0.036
1118,GSM302927,CD56dim natural killer cell,0.569534429,0.032
1119,GSM302933,CD56dim natural killer cell,0.532274349,0.029
1120,GSM302943,CD56dim natural killer cell,0.546303485,0.029
1121,GSM303364,CD56dim natural killer cell,0.518472655,0.029
1122,GSM303366,CD56dim natural killer cell,0.448879755,0.031
1123,GSM303368,CD56dim natural killer cell,0.510068379,0.026
1124,GSM303520,CD56dim natural killer cell,0.631656881,0.036
1125,GSM303522,CD56dim natural killer cell,0.479210006,0.027
1126,GSM303523,CD56dim natural killer cell,0.586617669,0.038
1127,GSM303525,CD56dim natural killer cell,0.527642545,0.033
1128,GSM303531,CD56dim natural killer cell,0.508726167,0.032
1129,GSM303533,CD56dim natural killer cell,0.593687343,0.032
1130,GSM2048265,CD56dim natural killer cell,0.473654318,0.038
1131,GSM2048266,CD56dim natural killer cell,0.427222426,0.035
1132,GSM2048267,CD56dim natural killer cell,0.416124806,0.026
1133,GSM2048268,CD56dim natural killer cell,0.353173204,0.024
1134,GSM2048269,CD56dim natural killer cell,0.288878163,0.02
1135,GSM2048270,CD56dim natural killer cell,0.400489521,0.023
1136,GSM2048271,CD56dim natural killer cell,0.389267971,0.028
1137,GSM2048272,CD56dim natural killer cell,0.432014977,0.029
1138,GSM2048273,CD56dim natural killer cell,0.352798687,0.024
1139,GSM2048274,CD56dim natural killer cell,0.433272462,0.026
1140,GSM2048275,CD56dim natural killer cell,0.494835469,0.028
1141,GSM2048276,CD56dim natural killer cell,0.586078619,0.028
1142,GSM2048277,CD56dim natural killer cell,0.410607115,0.025
1143,GSM2048278,CD56dim natural killer cell,0.424215668,0.029
1144,GSM2048279,CD56dim natural killer cell,0.549652445,0.027
1145,GSM2048280,CD56dim natural killer cell,0.494453847,0.027
1146,GSM2048281,CD56dim natural killer cell,0.547074252,0.028
1147,GSM2048282,CD56dim natural killer cell,0.457884301,0.03
1148,GSM2048283,CD56dim natural killer cell,0.472499368,0.026
1149,GSM2048284,CD56dim natural killer cell,0.438343659,0.033
1150,GSM2048285,CD56dim natural killer cell,0.522069303,0.027
1151,GSM2048286,CD56dim natural killer cell,0.418791839,0.03
1152,GSM2048287,CD56dim natural killer cell,0.580680431,0.028
1153,GSM1332201,Myeloid derived suppressor cell,0.799468697,0.051
1154,GSM1332202,Myeloid derived suppressor cell,0.718568932,0.051
1155,GSM1332203,Myeloid derived suppressor cell,0.651304848,0.047
1156,GSM1332204,Myeloid derived suppressor cell,0.783047862,0.055
1157,GSM1332205,Myeloid derived suppressor cell,0.887929845,0.053
1158,GSM1332206,Myeloid derived suppressor cell,0.783813686,0.047
1159,GSM1332207,Myeloid derived suppressor cell,0.930975758,0.053
1160,GSM1332208,Myeloid derived suppressor cell,0.664733659,0.04
1161,GSM1332209,Myeloid derived suppressor cell,0.756330404,0.052
1162,GSM1332210,Myeloid derived suppressor cell,0.928625685,0.052
1163,GSM1332221,Myeloid derived suppressor cell,1.106068348,0.056
1164,GSM1332222,Myeloid derived suppressor cell,1.112344648,0.055
1165,GSM1332223,Myeloid derived suppressor cell,1.068869886,0.057
1166,GSM1332224,Myeloid derived suppressor cell,1.034608823,0.057
1167,GSM1332225,Myeloid derived suppressor cell,1.03114898,0.059
1168,GSM1332226,Myeloid derived suppressor cell,1.001120388,0.056
1169,GSM1332227,Myeloid derived suppressor cell,1.014445459,0.059
1170,GSM1332228,Myeloid derived suppressor cell,1.010967566,0.058
1171,GSM1332229,Myeloid derived suppressor cell,1.007867064,0.061
1172,GSM1332230,Myeloid derived suppressor cell,1.003305583,0.059
1173,GSM302859,Myeloid derived suppressor cell,0.982133475,0.051
1174,GSM302864,Myeloid derived suppressor cell,0.866779422,0.055
1175,GSM302866,Myeloid derived suppressor cell,0.761632066,0.049
1176,GSM302870,Myeloid derived suppressor cell,0.970525887,0.055
1177,GSM302872,Myeloid derived suppressor cell,1.030192662,0.057
1178,GSM302882,Myeloid derived suppressor cell,0.771744157,0.048
1179,GSM302896,Myeloid derived suppressor cell,0.985946576,0.056
1180,GSM302900,Myeloid derived suppressor cell,1.078021642,0.054
1181,GSM302924,Myeloid derived suppressor cell,0.721117072,0.049
1182,GSM302927,Myeloid derived suppressor cell,1.022175929,0.057
1183,GSM302933,Myeloid derived suppressor cell,1.005670442,0.055
1184,GSM302943,Myeloid derived suppressor cell,1.081734762,0.058
1185,GSM303364,Myeloid derived suppressor cell,0.970771992,0.055
1186,GSM303366,Myeloid derived suppressor cell,0.761057795,0.053
1187,GSM303368,Myeloid derived suppressor cell,1.087379499,0.056
1188,GSM303520,Myeloid derived suppressor cell,1.046553095,0.059
1189,GSM303522,Myeloid derived suppressor cell,1.008311485,0.057
1190,GSM303523,Myeloid derived suppressor cell,0.820146367,0.054
1191,GSM303525,Myeloid derived suppressor cell,0.848818601,0.054
1192,GSM303531,Myeloid derived suppressor cell,0.87382731,0.054
1193,GSM303533,Myeloid derived suppressor cell,1.013676387,0.055
1194,GSM2048265,Myeloid derived suppressor cell,0.305454537,0.025
1195,GSM2048266,Myeloid derived suppressor cell,0.208829156,0.017
1196,GSM2048267,Myeloid derived suppressor cell,0.724897698,0.045
1197,GSM2048268,Myeloid derived suppressor cell,0.712024608,0.049
1198,GSM2048269,Myeloid derived suppressor cell,0.731853519,0.05
1199,GSM2048270,Myeloid derived suppressor cell,0.884019006,0.052
1200,GSM2048271,Myeloid derived suppressor cell,0.597866287,0.043
1201,GSM2048272,Myeloid derived suppressor cell,0.729198962,0.048
1202,GSM2048273,Myeloid derived suppressor cell,0.462764265,0.031
1203,GSM2048274,Myeloid derived suppressor cell,0.839896224,0.05
1204,GSM2048275,Myeloid derived suppressor cell,0.854576006,0.048
1205,GSM2048276,Myeloid derived suppressor cell,1.119824285,0.054
1206,GSM2048277,Myeloid derived suppressor cell,0.812056922,0.05
1207,GSM2048278,Myeloid derived suppressor cell,0.734005785,0.05
1208,GSM2048279,Myeloid derived suppressor cell,1.106978469,0.053
1209,GSM2048280,Myeloid derived suppressor cell,0.889637713,0.049
1210,GSM2048281,Myeloid derived suppressor cell,1.037908725,0.052
1211,GSM2048282,Myeloid derived suppressor cell,0.716914608,0.046
1212,GSM2048283,Myeloid derived suppressor cell,1.046888379,0.057
1213,GSM2048284,Myeloid derived suppressor cell,0.653630024,0.049
1214,GSM2048285,Myeloid derived suppressor cell,1.06814838,0.056
1215,GSM2048286,Myeloid derived suppressor cell,0.428243852,0.03
1216,GSM2048287,Myeloid derived suppressor cell,1.11163568,0.053
1217,GSM1332201,Natural killer T cell,0.458205444,0.029
1218,GSM1332202,Natural killer T cell,0.455793637,0.032
1219,GSM1332203,Natural killer T cell,0.421324359,0.03
1220,GSM1332204,Natural killer T cell,0.449500531,0.032
1221,GSM1332205,Natural killer T cell,0.614346302,0.036
1222,GSM1332206,Natural killer T cell,0.557333594,0.033
1223,GSM1332207,Natural killer T cell,0.648278268,0.037
1224,GSM1332208,Natural killer T cell,0.578564349,0.035
1225,GSM1332209,Natural killer T cell,0.471342295,0.032
1226,GSM1332210,Natural killer T cell,0.572455051,0.032
1227,GSM1332221,Natural killer T cell,0.652184767,0.033
1228,GSM1332222,Natural killer T cell,0.640390607,0.032
1229,GSM1332223,Natural killer T cell,0.626889956,0.034
1230,GSM1332224,Natural killer T cell,0.567653827,0.031
1231,GSM1332225,Natural killer T cell,0.562437017,0.032
1232,GSM1332226,Natural killer T cell,0.584139392,0.033
1233,GSM1332227,Natural killer T cell,0.564065822,0.033
1234,GSM1332228,Natural killer T cell,0.573772166,0.033
1235,GSM1332229,Natural killer T cell,0.559659521,0.034
1236,GSM1332230,Natural killer T cell,0.562028774,0.033
1237,GSM302859,Natural killer T cell,0.609517624,0.032
1238,GSM302864,Natural killer T cell,0.492152539,0.031
1239,GSM302866,Natural killer T cell,0.478725486,0.031
1240,GSM302870,Natural killer T cell,0.571171345,0.032
1241,GSM302872,Natural killer T cell,0.54562144,0.03
1242,GSM302882,Natural killer T cell,0.524689415,0.032
1243,GSM302896,Natural killer T cell,0.559491426,0.032
1244,GSM302900,Natural killer T cell,0.569968068,0.029
1245,GSM302924,Natural killer T cell,0.48874831,0.033
1246,GSM302927,Natural killer T cell,0.554111272,0.031
1247,GSM302933,Natural killer T cell,0.504942306,0.028
1248,GSM302943,Natural killer T cell,0.560960683,0.03
1249,GSM303364,Natural killer T cell,0.554502169,0.031
1250,GSM303366,Natural killer T cell,0.486657471,0.034
1251,GSM303368,Natural killer T cell,0.620777033,0.032
1252,GSM303520,Natural killer T cell,0.626422241,0.035
1253,GSM303522,Natural killer T cell,0.562600305,0.032
1254,GSM303523,Natural killer T cell,0.545592888,0.036
1255,GSM303525,Natural killer T cell,0.511105682,0.032
1256,GSM303531,Natural killer T cell,0.510849999,0.032
1257,GSM303533,Natural killer T cell,0.657532129,0.036
1258,GSM2048265,Natural killer T cell,0.354216391,0.029
1259,GSM2048266,Natural killer T cell,0.326415459,0.027
1260,GSM2048267,Natural killer T cell,0.451721336,0.028
1261,GSM2048268,Natural killer T cell,0.44292451,0.03
1262,GSM2048269,Natural killer T cell,0.423398412,0.029
1263,GSM2048270,Natural killer T cell,0.539964032,0.032
1264,GSM2048271,Natural killer T cell,0.451185941,0.032
1265,GSM2048272,Natural killer T cell,0.439274818,0.029
1266,GSM2048273,Natural killer T cell,0.465585502,0.032
1267,GSM2048274,Natural killer T cell,0.500742585,0.03
1268,GSM2048275,Natural killer T cell,0.500362746,0.028
1269,GSM2048276,Natural killer T cell,0.565745108,0.027
1270,GSM2048277,Natural killer T cell,0.457843562,0.028
1271,GSM2048278,Natural killer T cell,0.464661643,0.032
1272,GSM2048279,Natural killer T cell,0.59494164,0.029
1273,GSM2048280,Natural killer T cell,0.606336613,0.033
1274,GSM2048281,Natural killer T cell,0.563766327,0.028
1275,GSM2048282,Natural killer T cell,0.491490006,0.032
1276,GSM2048283,Natural killer T cell,0.548140239,0.03
1277,GSM2048284,Natural killer T cell,0.438328786,0.033
1278,GSM2048285,Natural killer T cell,0.543872292,0.029
1279,GSM2048286,Natural killer T cell,0.454644813,0.032
1280,GSM2048287,Natural killer T cell,0.568169499,0.027
1281,GSM1332201,Activated dendritic cell,0.870672441,0.056
1282,GSM1332202,Activated dendritic cell,0.810786438,0.057
1283,GSM1332203,Activated dendritic cell,0.809476309,0.058
1284,GSM1332204,Activated dendritic cell,0.826026274,0.058
1285,GSM1332205,Activated dendritic cell,0.969124352,0.057
1286,GSM1332206,Activated dendritic cell,0.885277425,0.053
1287,GSM1332207,Activated dendritic cell,1.046240598,0.06
1288,GSM1332208,Activated dendritic cell,0.973621104,0.059
1289,GSM1332209,Activated dendritic cell,0.822063116,0.056
1290,GSM1332210,Activated dendritic cell,1.022093668,0.058
1291,GSM1332221,Activated dendritic cell,0.994401185,0.05
1292,GSM1332222,Activated dendritic cell,1.007750561,0.05
1293,GSM1332223,Activated dendritic cell,0.933503098,0.05
1294,GSM1332224,Activated dendritic cell,0.922634728,0.051
1295,GSM1332225,Activated dendritic cell,0.906345123,0.052
1296,GSM1332226,Activated dendritic cell,0.896350224,0.05
1297,GSM1332227,Activated dendritic cell,0.891088014,0.052
1298,GSM1332228,Activated dendritic cell,0.881281763,0.051
1299,GSM1332229,Activated dendritic cell,0.880775899,0.054
1300,GSM1332230,Activated dendritic cell,0.915860641,0.053
1301,GSM302859,Activated dendritic cell,0.939537377,0.049
1302,GSM302864,Activated dendritic cell,0.818603424,0.052
1303,GSM302866,Activated dendritic cell,0.800374266,0.052
1304,GSM302870,Activated dendritic cell,0.957146577,0.054
1305,GSM302872,Activated dendritic cell,0.961989236,0.053
1306,GSM302882,Activated dendritic cell,0.88643024,0.055
1307,GSM302896,Activated dendritic cell,0.873839543,0.049
1308,GSM302900,Activated dendritic cell,0.961940199,0.049
1309,GSM302924,Activated dendritic cell,0.783151502,0.053
1310,GSM302927,Activated dendritic cell,0.871691737,0.049
1311,GSM302933,Activated dendritic cell,0.871337453,0.048
1312,GSM302943,Activated dendritic cell,0.879273209,0.047
1313,GSM303364,Activated dendritic cell,0.897692833,0.051
1314,GSM303366,Activated dendritic cell,0.789403662,0.055
1315,GSM303368,Activated dendritic cell,0.991742307,0.051
1316,GSM303520,Activated dendritic cell,0.930954755,0.052
1317,GSM303522,Activated dendritic cell,0.924364223,0.052
1318,GSM303523,Activated dendritic cell,0.836852463,0.055
1319,GSM303525,Activated dendritic cell,0.784984188,0.05
1320,GSM303531,Activated dendritic cell,0.847617466,0.053
1321,GSM303533,Activated dendritic cell,0.934015983,0.051
1322,GSM2048265,Activated dendritic cell,0.575303361,0.046
1323,GSM2048266,Activated dendritic cell,0.571128571,0.047
1324,GSM2048267,Activated dendritic cell,0.670466964,0.042
1325,GSM2048268,Activated dendritic cell,0.675858612,0.046
1326,GSM2048269,Activated dendritic cell,0.680271236,0.047
1327,GSM2048270,Activated dendritic cell,0.781649352,0.046
1328,GSM2048271,Activated dendritic cell,0.642448619,0.046
1329,GSM2048272,Activated dendritic cell,0.681137758,0.045
1330,GSM2048273,Activated dendritic cell,0.635903487,0.043
1331,GSM2048274,Activated dendritic cell,0.794595226,0.047
1332,GSM2048275,Activated dendritic cell,0.825782455,0.046
1333,GSM2048276,Activated dendritic cell,0.973091742,0.047
1334,GSM2048277,Activated dendritic cell,0.799753236,0.049
1335,GSM2048278,Activated dendritic cell,0.705768296,0.048
1336,GSM2048279,Activated dendritic cell,0.956052232,0.046
1337,GSM2048280,Activated dendritic cell,0.886284788,0.049
1338,GSM2048281,Activated dendritic cell,0.897314201,0.045
1339,GSM2048282,Activated dendritic cell,0.743155698,0.048
1340,GSM2048283,Activated dendritic cell,0.843030573,0.046
1341,GSM2048284,Activated dendritic cell,0.674741345,0.051
1342,GSM2048285,Activated dendritic cell,0.866344202,0.045
1343,GSM2048286,Activated dendritic cell,0.653383472,0.046
1344,GSM2048287,Activated dendritic cell,1.003779114,0.048
1345,GSM1332201,Plasmacytoid dendritic cell,0.939108996,0.06
1346,GSM1332202,Plasmacytoid dendritic cell,0.842600868,0.059
1347,GSM1332203,Plasmacytoid dendritic cell,0.871464669,0.062
1348,GSM1332204,Plasmacytoid dendritic cell,0.924040838,0.065
1349,GSM1332205,Plasmacytoid dendritic cell,1.050098188,0.062
1350,GSM1332206,Plasmacytoid dendritic cell,1.006384798,0.06
1351,GSM1332207,Plasmacytoid dendritic cell,1.042930427,0.06
1352,GSM1332208,Plasmacytoid dendritic cell,1.059638964,0.064
1353,GSM1332209,Plasmacytoid dendritic cell,0.897738971,0.061
1354,GSM1332210,Plasmacytoid dendritic cell,1.022174017,0.058
1355,GSM1332221,Plasmacytoid dendritic cell,1.037640346,0.052
1356,GSM1332222,Plasmacytoid dendritic cell,0.98473844,0.049
1357,GSM1332223,Plasmacytoid dendritic cell,0.963643128,0.052
1358,GSM1332224,Plasmacytoid dendritic cell,0.949715524,0.052
1359,GSM1332225,Plasmacytoid dendritic cell,0.88771609,0.051
1360,GSM1332226,Plasmacytoid dendritic cell,0.960894059,0.054
1361,GSM1332227,Plasmacytoid dendritic cell,0.895321664,0.052
1362,GSM1332228,Plasmacytoid dendritic cell,0.924872918,0.053
1363,GSM1332229,Plasmacytoid dendritic cell,0.856576074,0.052
1364,GSM1332230,Plasmacytoid dendritic cell,0.904424605,0.053
1365,GSM302859,Plasmacytoid dendritic cell,1.124280413,0.059
1366,GSM302864,Plasmacytoid dendritic cell,0.972737405,0.062
1367,GSM302866,Plasmacytoid dendritic cell,1.032701915,0.067
1368,GSM302870,Plasmacytoid dendritic cell,0.99605335,0.056
1369,GSM302872,Plasmacytoid dendritic cell,0.98993445,0.054
1370,GSM302882,Plasmacytoid dendritic cell,0.995329102,0.061
1371,GSM302896,Plasmacytoid dendritic cell,0.948525963,0.054
1372,GSM302900,Plasmacytoid dendritic cell,1.018263297,0.051
1373,GSM302924,Plasmacytoid dendritic cell,0.906213378,0.061
1374,GSM302927,Plasmacytoid dendritic cell,0.925700744,0.052
1375,GSM302933,Plasmacytoid dendritic cell,0.925712131,0.051
1376,GSM302943,Plasmacytoid dendritic cell,0.941382315,0.05
1377,GSM303364,Plasmacytoid dendritic cell,0.912207998,0.051
1378,GSM303366,Plasmacytoid dendritic cell,0.924724482,0.064
1379,GSM303368,Plasmacytoid dendritic cell,1.030710118,0.053
1380,GSM303520,Plasmacytoid dendritic cell,0.983865579,0.055
1381,GSM303522,Plasmacytoid dendritic cell,1.034104496,0.058
1382,GSM303523,Plasmacytoid dendritic cell,0.948412946,0.062
1383,GSM303525,Plasmacytoid dendritic cell,0.916958352,0.058
1384,GSM303531,Plasmacytoid dendritic cell,0.950862095,0.059
1385,GSM303533,Plasmacytoid dendritic cell,1.020375584,0.056
1386,GSM2048265,Plasmacytoid dendritic cell,0.887486989,0.072
1387,GSM2048266,Plasmacytoid dendritic cell,0.899497146,0.074
1388,GSM2048267,Plasmacytoid dendritic cell,0.962230682,0.06
1389,GSM2048268,Plasmacytoid dendritic cell,0.909015427,0.062
1390,GSM2048269,Plasmacytoid dendritic cell,0.908787333,0.063
1391,GSM2048270,Plasmacytoid dendritic cell,1.030728639,0.06
1392,GSM2048271,Plasmacytoid dendritic cell,0.885264855,0.063
1393,GSM2048272,Plasmacytoid dendritic cell,0.916372637,0.06
1394,GSM2048273,Plasmacytoid dendritic cell,0.988867862,0.067
1395,GSM2048274,Plasmacytoid dendritic cell,0.964632686,0.057
1396,GSM2048275,Plasmacytoid dendritic cell,1.054591699,0.059
1397,GSM2048276,Plasmacytoid dendritic cell,1.121872313,0.054
1398,GSM2048277,Plasmacytoid dendritic cell,0.928931675,0.057
1399,GSM2048278,Plasmacytoid dendritic cell,0.894335504,0.061
1400,GSM2048279,Plasmacytoid dendritic cell,1.129547597,0.055
1401,GSM2048280,Plasmacytoid dendritic cell,1.068024686,0.059
1402,GSM2048281,Plasmacytoid dendritic cell,1.065989765,0.054
1403,GSM2048282,Plasmacytoid dendritic cell,0.930377358,0.06
1404,GSM2048283,Plasmacytoid dendritic cell,0.961850231,0.052
1405,GSM2048284,Plasmacytoid dendritic cell,0.796569086,0.06
1406,GSM2048285,Plasmacytoid dendritic cell,1.044478974,0.055
1407,GSM2048286,Plasmacytoid dendritic cell,0.873441865,0.062
1408,GSM2048287,Plasmacytoid dendritic cell,1.064202843,0.05
1409,GSM1332201,Immature dendritic cell,0.723799541,0.047
1410,GSM1332202,Immature dendritic cell,0.6527652,0.046
1411,GSM1332203,Immature dendritic cell,0.666674903,0.048
1412,GSM1332204,Immature dendritic cell,0.670562276,0.047
1413,GSM1332205,Immature dendritic cell,0.813526562,0.048
1414,GSM1332206,Immature dendritic cell,0.760988167,0.046
1415,GSM1332207,Immature dendritic cell,0.808088253,0.046
1416,GSM1332208,Immature dendritic cell,0.792087088,0.048
1417,GSM1332209,Immature dendritic cell,0.705870849,0.048
1418,GSM1332210,Immature dendritic cell,0.830468589,0.047
1419,GSM1332221,Immature dendritic cell,0.713876499,0.036
1420,GSM1332222,Immature dendritic cell,0.739508801,0.037
1421,GSM1332223,Immature dendritic cell,0.793725964,0.043
1422,GSM1332224,Immature dendritic cell,0.698685746,0.039
1423,GSM1332225,Immature dendritic cell,0.711088739,0.041
1424,GSM1332226,Immature dendritic cell,0.795150066,0.045
1425,GSM1332227,Immature dendritic cell,0.698550121,0.041
1426,GSM1332228,Immature dendritic cell,0.690342844,0.04
1427,GSM1332229,Immature dendritic cell,0.685739076,0.042
1428,GSM1332230,Immature dendritic cell,0.726857981,0.042
1429,GSM302859,Immature dendritic cell,0.894728726,0.047
1430,GSM302864,Immature dendritic cell,0.752808493,0.048
1431,GSM302866,Immature dendritic cell,0.818309041,0.053
1432,GSM302870,Immature dendritic cell,0.798889382,0.045
1433,GSM302872,Immature dendritic cell,0.783472636,0.043
1434,GSM302882,Immature dendritic cell,0.813214999,0.05
1435,GSM302896,Immature dendritic cell,0.803267654,0.045
1436,GSM302900,Immature dendritic cell,0.819046593,0.041
1437,GSM302924,Immature dendritic cell,0.724582855,0.049
1438,GSM302927,Immature dendritic cell,0.73918157,0.041
1439,GSM302933,Immature dendritic cell,0.723634493,0.04
1440,GSM302943,Immature dendritic cell,0.733066936,0.039
1441,GSM303364,Immature dendritic cell,0.712559302,0.04
1442,GSM303366,Immature dendritic cell,0.727513696,0.05
1443,GSM303368,Immature dendritic cell,0.825845783,0.043
1444,GSM303520,Immature dendritic cell,0.71852004,0.04
1445,GSM303522,Immature dendritic cell,0.8101549,0.045
1446,GSM303523,Immature dendritic cell,0.747636277,0.049
1447,GSM303525,Immature dendritic cell,0.741005695,0.047
1448,GSM303531,Immature dendritic cell,0.794701819,0.049
1449,GSM303533,Immature dendritic cell,0.854541556,0.047
1450,GSM2048265,Immature dendritic cell,0.789588216,0.064
1451,GSM2048266,Immature dendritic cell,0.810685181,0.066
1452,GSM2048267,Immature dendritic cell,0.799387662,0.05
1453,GSM2048268,Immature dendritic cell,0.769830884,0.052
1454,GSM2048269,Immature dendritic cell,0.749184455,0.052
1455,GSM2048270,Immature dendritic cell,0.865456698,0.051
1456,GSM2048271,Immature dendritic cell,0.751223318,0.054
1457,GSM2048272,Immature dendritic cell,0.725955578,0.048
1458,GSM2048273,Immature dendritic cell,0.843406137,0.057
1459,GSM2048274,Immature dendritic cell,0.822620471,0.049
1460,GSM2048275,Immature dendritic cell,0.787781839,0.044
1461,GSM2048276,Immature dendritic cell,0.868119449,0.042
1462,GSM2048277,Immature dendritic cell,0.804136955,0.05
1463,GSM2048278,Immature dendritic cell,0.721821622,0.049
1464,GSM2048279,Immature dendritic cell,0.87622079,0.042
1465,GSM2048280,Immature dendritic cell,0.859785242,0.047
1466,GSM2048281,Immature dendritic cell,0.873237169,0.044
1467,GSM2048282,Immature dendritic cell,0.766781981,0.05
1468,GSM2048283,Immature dendritic cell,0.749447112,0.041
1469,GSM2048284,Immature dendritic cell,0.699015415,0.053
1470,GSM2048285,Immature dendritic cell,0.844687211,0.044
1471,GSM2048286,Immature dendritic cell,0.739295261,0.052
1472,GSM2048287,Immature dendritic cell,0.88034132,0.042
1473,GSM1332201,Macrophage,0.5400608,0.035
1474,GSM1332202,Macrophage,0.436490993,0.031
1475,GSM1332203,Macrophage,0.422723572,0.03
1476,GSM1332204,Macrophage,0.384357288,0.027
1477,GSM1332205,Macrophage,0.403595493,0.024
1478,GSM1332206,Macrophage,0.434529882,0.026
1479,GSM1332207,Macrophage,0.452085373,0.026
1480,GSM1332208,Macrophage,0.335096448,0.02
1481,GSM1332209,Macrophage,0.510920228,0.035
1482,GSM1332210,Macrophage,0.534414476,0.03
1483,GSM1332221,Macrophage,0.66215437,0.033
1484,GSM1332222,Macrophage,0.683250939,0.034
1485,GSM1332223,Macrophage,0.643341067,0.035
1486,GSM1332224,Macrophage,0.596406937,0.033
1487,GSM1332225,Macrophage,0.611477523,0.035
1488,GSM1332226,Macrophage,0.589734333,0.033
1489,GSM1332227,Macrophage,0.600499434,0.035
1490,GSM1332228,Macrophage,0.561381804,0.032
1491,GSM1332229,Macrophage,0.631321479,0.038
1492,GSM1332230,Macrophage,0.630964613,0.037
1493,GSM302859,Macrophage,0.566534871,0.03
1494,GSM302864,Macrophage,0.599882647,0.038
1495,GSM302866,Macrophage,0.461559084,0.03
1496,GSM302870,Macrophage,0.645559137,0.036
1497,GSM302872,Macrophage,0.547624092,0.03
1498,GSM302882,Macrophage,0.454319683,0.028
1499,GSM302896,Macrophage,0.539203556,0.031
1500,GSM302900,Macrophage,0.631301455,0.032
1501,GSM302924,Macrophage,0.428350116,0.029
1502,GSM302927,Macrophage,0.560730942,0.031
1503,GSM302933,Macrophage,0.508633103,0.028
1504,GSM302943,Macrophage,0.645260582,0.035
1505,GSM303364,Macrophage,0.514984308,0.029
1506,GSM303366,Macrophage,0.490006422,0.034
1507,GSM303368,Macrophage,0.653015342,0.034
1508,GSM303520,Macrophage,0.630925153,0.035
1509,GSM303522,Macrophage,0.503218465,0.028
1510,GSM303523,Macrophage,0.539079319,0.035
1511,GSM303525,Macrophage,0.518326331,0.033
1512,GSM303531,Macrophage,0.537743825,0.033
1513,GSM303533,Macrophage,0.644304535,0.035
1514,GSM2048265,Macrophage,0.2494622,0.02
1515,GSM2048266,Macrophage,0.177626903,0.015
1516,GSM2048267,Macrophage,0.453708224,0.028
1517,GSM2048268,Macrophage,0.458232011,0.031
1518,GSM2048269,Macrophage,0.459400256,0.032
1519,GSM2048270,Macrophage,0.463337448,0.027
1520,GSM2048271,Macrophage,0.426951741,0.031
1521,GSM2048272,Macrophage,0.453135148,0.03
1522,GSM2048273,Macrophage,0.41661186,0.028
1523,GSM2048274,Macrophage,0.572578543,0.034
1524,GSM2048275,Macrophage,0.523145085,0.029
1525,GSM2048276,Macrophage,0.664512519,0.032
1526,GSM2048277,Macrophage,0.571617534,0.035
1527,GSM2048278,Macrophage,0.507136186,0.035
1528,GSM2048279,Macrophage,0.669740304,0.032
1529,GSM2048280,Macrophage,0.58429347,0.032
1530,GSM2048281,Macrophage,0.60919271,0.031
1531,GSM2048282,Macrophage,0.479960633,0.031
1532,GSM2048283,Macrophage,0.605879893,0.033
1533,GSM2048284,Macrophage,0.452658199,0.034
1534,GSM2048285,Macrophage,0.609697433,0.032
1535,GSM2048286,Macrophage,0.439426287,0.031
1536,GSM2048287,Macrophage,0.691310909,0.033
1537,GSM1332201,Eosinophil,0.153261845,0.01
1538,GSM1332202,Eosinophil,0.249417194,0.018
1539,GSM1332203,Eosinophil,0.173051275,0.012
1540,GSM1332204,Eosinophil,0.188420543,0.013
1541,GSM1332205,Eosinophil,0.237169521,0.014
1542,GSM1332206,Eosinophil,0.29188932,0.018
1543,GSM1332207,Eosinophil,0.106385837,0.006
1544,GSM1332208,Eosinophil,0.223579929,0.014
1545,GSM1332209,Eosinophil,0.180700068,0.012
1546,GSM1332210,Eosinophil,0.153660843,0.009
1547,GSM1332221,Eosinophil,0.19997746,0.01
1548,GSM1332222,Eosinophil,0.363657565,0.018
1549,GSM1332223,Eosinophil,0.22093271,0.012
1550,GSM1332224,Eosinophil,0.229374432,0.013
1551,GSM1332225,Eosinophil,0.196470498,0.011
1552,GSM1332226,Eosinophil,0.179815539,0.01
1553,GSM1332227,Eosinophil,0.156137449,0.009
1554,GSM1332228,Eosinophil,0.224294749,0.013
1555,GSM1332229,Eosinophil,0.084828699,0.005
1556,GSM1332230,Eosinophil,0.116848492,0.007
1557,GSM302859,Eosinophil,0.388078419,0.02
1558,GSM302864,Eosinophil,0.102739454,0.007
1559,GSM302866,Eosinophil,0.197218715,0.013
1560,GSM302870,Eosinophil,0.345055221,0.019
1561,GSM302872,Eosinophil,0.056432549,0.003
1562,GSM302882,Eosinophil,0.019539492,0.001
1563,GSM302896,Eosinophil,0.116800395,0.007
1564,GSM302900,Eosinophil,0.189640232,0.01
1565,GSM302924,Eosinophil,0.025541919,0.002
1566,GSM302927,Eosinophil,0.085314746,0.005
1567,GSM302933,Eosinophil,0.156100167,0.009
1568,GSM302943,Eosinophil,0.167453396,0.009
1569,GSM303364,Eosinophil,0.27190738,0.015
1570,GSM303366,Eosinophil,0.083924218,0.006
1571,GSM303368,Eosinophil,0.260506711,0.014
1572,GSM303520,Eosinophil,0.173692648,0.01
1573,GSM303522,Eosinophil,0.258849112,0.015
1574,GSM303523,Eosinophil,0.011027056,0.001
1575,GSM303525,Eosinophil,0.25658931,0.016
1576,GSM303531,Eosinophil,0.230381067,0.014
1577,GSM303533,Eosinophil,0.309285416,0.017
1578,GSM2048265,Eosinophil,0.110298927,0.009
1579,GSM2048266,Eosinophil,0.152063489,0.012
1580,GSM2048267,Eosinophil,0.301509859,0.019
1581,GSM2048268,Eosinophil,0.217853504,0.015
1582,GSM2048269,Eosinophil,0.233747333,0.016
1583,GSM2048270,Eosinophil,0.205883006,0.012
1584,GSM2048271,Eosinophil,0.191377753,0.014
1585,GSM2048272,Eosinophil,0.195572075,0.013
1586,GSM2048273,Eosinophil,0.160432819,0.011
1587,GSM2048274,Eosinophil,0.164456345,0.01
1588,GSM2048275,Eosinophil,0.267979436,0.015
1589,GSM2048276,Eosinophil,0.247502554,0.012
1590,GSM2048277,Eosinophil,0.220687433,0.014
1591,GSM2048278,Eosinophil,0.093430658,0.006
1592,GSM2048279,Eosinophil,0.279060414,0.013
1593,GSM2048280,Eosinophil,0.151372948,0.008
1594,GSM2048281,Eosinophil,0.193001057,0.01
1595,GSM2048282,Eosinophil,0.219482613,0.014
1596,GSM2048283,Eosinophil,0.306831461,0.017
1597,GSM2048284,Eosinophil,0.022973051,0.002
1598,GSM2048285,Eosinophil,0.272734284,0.014
1599,GSM2048286,Eosinophil,0.132984485,0.009
1600,GSM2048287,Eosinophil,0.34719734,0.016
1601,GSM1332201,Mast cell,0.593749714,0.038
1602,GSM1332202,Mast cell,0.535578062,0.038
1603,GSM1332203,Mast cell,0.496506087,0.036
1604,GSM1332204,Mast cell,0.529213268,0.037
1605,GSM1332205,Mast cell,0.627128092,0.037
1606,GSM1332206,Mast cell,0.64146715,0.038
1607,GSM1332207,Mast cell,0.658550744,0.038
1608,GSM1332208,Mast cell,0.701661955,0.043
1609,GSM1332209,Mast cell,0.521486378,0.036
1610,GSM1332210,Mast cell,0.697815565,0.039
1611,GSM1332221,Mast cell,0.565073385,0.028
1612,GSM1332222,Mast cell,0.609598423,0.03
1613,GSM1332223,Mast cell,0.63913193,0.034
1614,GSM1332224,Mast cell,0.611726409,0.034
1615,GSM1332225,Mast cell,0.551035396,0.032
1616,GSM1332226,Mast cell,0.577448621,0.032
1617,GSM1332227,Mast cell,0.59545954,0.035
1618,GSM1332228,Mast cell,0.550236214,0.032
1619,GSM1332229,Mast cell,0.563298947,0.034
1620,GSM1332230,Mast cell,0.535225082,0.031
1621,GSM302859,Mast cell,0.683515832,0.036
1622,GSM302864,Mast cell,0.482879769,0.031
1623,GSM302866,Mast cell,0.521471263,0.034
1624,GSM302870,Mast cell,0.666229026,0.038
1625,GSM302872,Mast cell,0.471833473,0.026
1626,GSM302882,Mast cell,0.449593624,0.028
1627,GSM302896,Mast cell,0.501092191,0.028
1628,GSM302900,Mast cell,0.564935007,0.029
1629,GSM302924,Mast cell,0.387479845,0.026
1630,GSM302927,Mast cell,0.540076892,0.03
1631,GSM302933,Mast cell,0.508928267,0.028
1632,GSM302943,Mast cell,0.55384122,0.03
1633,GSM303364,Mast cell,0.590040314,0.033
1634,GSM303366,Mast cell,0.4678684,0.032
1635,GSM303368,Mast cell,0.607887446,0.032
1636,GSM303520,Mast cell,0.546974146,0.031
1637,GSM303522,Mast cell,0.678830756,0.038
1638,GSM303523,Mast cell,0.403857821,0.026
1639,GSM303525,Mast cell,0.612150083,0.039
1640,GSM303531,Mast cell,0.589152471,0.037
1641,GSM303533,Mast cell,0.726083897,0.04
1642,GSM2048265,Mast cell,0.367093173,0.03
1643,GSM2048266,Mast cell,0.398520694,0.033
1644,GSM2048267,Mast cell,0.579273924,0.036
1645,GSM2048268,Mast cell,0.543189271,0.037
1646,GSM2048269,Mast cell,0.535135983,0.037
1647,GSM2048270,Mast cell,0.588094908,0.034
1648,GSM2048271,Mast cell,0.495702459,0.035
1649,GSM2048272,Mast cell,0.556031946,0.037
1650,GSM2048273,Mast cell,0.531896106,0.036
1651,GSM2048274,Mast cell,0.539646776,0.032
1652,GSM2048275,Mast cell,0.499590678,0.028
1653,GSM2048276,Mast cell,0.538814676,0.026
1654,GSM2048277,Mast cell,0.439839195,0.027
1655,GSM2048278,Mast cell,0.435646852,0.03
1656,GSM2048279,Mast cell,0.666130717,0.032
1657,GSM2048280,Mast cell,0.605520241,0.033
1658,GSM2048281,Mast cell,0.556518969,0.028
1659,GSM2048282,Mast cell,0.517315284,0.033
1660,GSM2048283,Mast cell,0.644846648,0.035
1661,GSM2048284,Mast cell,0.419523815,0.032
1662,GSM2048285,Mast cell,0.644091787,0.034
1663,GSM2048286,Mast cell,0.482408231,0.034
1664,GSM2048287,Mast cell,0.673065042,0.032
1665,GSM1332201,Monocyte,0.686757424,0.044
1666,GSM1332202,Monocyte,0.652489095,0.046
1667,GSM1332203,Monocyte,0.64894246,0.046
1668,GSM1332204,Monocyte,0.650160839,0.046
1669,GSM1332205,Monocyte,0.757033899,0.045
1670,GSM1332206,Monocyte,0.685691231,0.041
1671,GSM1332207,Monocyte,0.707399698,0.041
1672,GSM1332208,Monocyte,0.708746021,0.043
1673,GSM1332209,Monocyte,0.649970326,0.044
1674,GSM1332210,Monocyte,0.786023748,0.044
1675,GSM1332221,Monocyte,0.816000631,0.041
1676,GSM1332222,Monocyte,0.772881383,0.038
1677,GSM1332223,Monocyte,0.795523251,0.043
1678,GSM1332224,Monocyte,0.768566554,0.042
1679,GSM1332225,Monocyte,0.668822603,0.038
1680,GSM1332226,Monocyte,0.70902078,0.04
1681,GSM1332227,Monocyte,0.687507417,0.04
1682,GSM1332228,Monocyte,0.714137772,0.041
1683,GSM1332229,Monocyte,0.692836882,0.042
1684,GSM1332230,Monocyte,0.69287692,0.04
1685,GSM302859,Monocyte,0.839355582,0.044
1686,GSM302864,Monocyte,0.670197727,0.043
1687,GSM302866,Monocyte,0.701406648,0.045
1688,GSM302870,Monocyte,0.748387558,0.042
1689,GSM302872,Monocyte,0.775823019,0.043
1690,GSM302882,Monocyte,0.732836246,0.045
1691,GSM302896,Monocyte,0.731376641,0.041
1692,GSM302900,Monocyte,0.828754925,0.042
1693,GSM302924,Monocyte,0.689517485,0.047
1694,GSM302927,Monocyte,0.748103716,0.042
1695,GSM302933,Monocyte,0.769817063,0.042
1696,GSM302943,Monocyte,0.767950919,0.041
1697,GSM303364,Monocyte,0.70218187,0.04
1698,GSM303366,Monocyte,0.650808943,0.045
1699,GSM303368,Monocyte,0.750544135,0.039
1700,GSM303520,Monocyte,0.740094821,0.042
1701,GSM303522,Monocyte,0.70350009,0.039
1702,GSM303523,Monocyte,0.741023789,0.049
1703,GSM303525,Monocyte,0.681268793,0.043
1704,GSM303531,Monocyte,0.681836268,0.042
1705,GSM303533,Monocyte,0.795878726,0.043
1706,GSM2048265,Monocyte,0.586740965,0.047
1707,GSM2048266,Monocyte,0.637061208,0.052
1708,GSM2048267,Monocyte,0.654265324,0.041
1709,GSM2048268,Monocyte,0.597542108,0.041
1710,GSM2048269,Monocyte,0.591063095,0.041
1711,GSM2048270,Monocyte,0.691001204,0.04
1712,GSM2048271,Monocyte,0.595306837,0.043
1713,GSM2048272,Monocyte,0.626105772,0.041
1714,GSM2048273,Monocyte,0.63620111,0.043
1715,GSM2048274,Monocyte,0.687484985,0.041
1716,GSM2048275,Monocyte,0.758090434,0.042
1717,GSM2048276,Monocyte,0.849492345,0.041
1718,GSM2048277,Monocyte,0.720686263,0.044
1719,GSM2048278,Monocyte,0.624587774,0.043
1720,GSM2048279,Monocyte,0.873986226,0.042
1721,GSM2048280,Monocyte,0.751487811,0.041
1722,GSM2048281,Monocyte,0.772962097,0.039
1723,GSM2048282,Monocyte,0.638076045,0.041
1724,GSM2048283,Monocyte,0.748885532,0.041
1725,GSM2048284,Monocyte,0.527273371,0.04
1726,GSM2048285,Monocyte,0.770443943,0.04
1727,GSM2048286,Monocyte,0.569212628,0.04
1728,GSM2048287,Monocyte,0.82131795,0.039
1729,GSM1332201,Neutrophil,0.086905721,0.006
1730,GSM1332202,Neutrophil,0.054918494,0.004
1731,GSM1332203,Neutrophil,0.034112584,0.002
1732,GSM1332204,Neutrophil,0.075595114,0.005
1733,GSM1332205,Neutrophil,0.105953618,0.006
1734,GSM1332206,Neutrophil,0.049878101,0.003
1735,GSM1332207,Neutrophil,0.261658069,0.015
1736,GSM1332208,Neutrophil,0.1217675,0.007
1737,GSM1332209,Neutrophil,0.077690294,0.005
1738,GSM1332210,Neutrophil,0.072144742,0.004
1739,GSM1332221,Neutrophil,0.107905675,0.005
1740,GSM1332222,Neutrophil,0.112344648,0.006
1741,GSM1332223,Neutrophil,0.068869886,0.004
1742,GSM1332224,Neutrophil,0.034608823,0.002
1743,GSM1332225,Neutrophil,0.03114898,0.002
1744,GSM1332226,Neutrophil,0.06184023,0.003
1745,GSM1332227,Neutrophil,0.014445459,0.001
1746,GSM1332228,Neutrophil,0.010967566,0.001
1747,GSM1332229,Neutrophil,0.007867064,0
1748,GSM1332230,Neutrophil,0.003305583,0
1749,GSM302859,Neutrophil,0.129276715,0.007
1750,GSM302864,Neutrophil,0.037330304,0.002
1751,GSM302866,Neutrophil,0.032701915,0.002
1752,GSM302870,Neutrophil,0.957678101,0.054
1753,GSM302872,Neutrophil,0.152136999,0.008
1754,GSM302882,Neutrophil,0.024586299,0.002
1755,GSM302896,Neutrophil,0.021807972,0.001
1756,GSM302900,Neutrophil,0.093128506,0.005
1757,GSM302924,Neutrophil,-0.053273203,-0.004
1758,GSM302927,Neutrophil,0.022175929,0.001
1759,GSM302933,Neutrophil,0.005670442,0
1760,GSM302943,Neutrophil,0.081734762,0.004
1761,GSM303364,Neutrophil,-0.005633895,0
1762,GSM303366,Neutrophil,-0.055997193,-0.004
1763,GSM303368,Neutrophil,0.087379499,0.005
1764,GSM303520,Neutrophil,0.046553095,0.003
1765,GSM303522,Neutrophil,0.099856319,0.006
1766,GSM303523,Neutrophil,-0.038936831,-0.003
1767,GSM303525,Neutrophil,-0.059821518,-0.004
1768,GSM303531,Neutrophil,-0.031375107,-0.002
1769,GSM303533,Neutrophil,0.067126136,0.004
1770,GSM2048265,Neutrophil,-0.058752825,-0.005
1771,GSM2048266,Neutrophil,-0.08491905,-0.007
1772,GSM2048267,Neutrophil,-0.007575279,0
1773,GSM2048268,Neutrophil,0.071475122,0.005
1774,GSM2048269,Neutrophil,-0.009638962,-0.001
1775,GSM2048270,Neutrophil,0.150884051,0.009
1776,GSM2048271,Neutrophil,0.048283629,0.003
1777,GSM2048272,Neutrophil,0.073912095,0.005
1778,GSM2048273,Neutrophil,-0.011132138,-0.001
1779,GSM2048274,Neutrophil,-0.016882011,-0.001
1780,GSM2048275,Neutrophil,0.056883543,0.003
1781,GSM2048276,Neutrophil,0.124938796,0.006
1782,GSM2048277,Neutrophil,0.595203339,0.037
1783,GSM2048278,Neutrophil,0.088633888,0.006
1784,GSM2048279,Neutrophil,0.129547597,0.006
1785,GSM2048280,Neutrophil,0.091071998,0.005
1786,GSM2048281,Neutrophil,0.093153217,0.005
1787,GSM2048282,Neutrophil,0.049297288,0.003
1788,GSM2048283,Neutrophil,0.046888379,0.003
1789,GSM2048284,Neutrophil,-0.053047547,-0.004
1790,GSM2048285,Neutrophil,0.06814838,0.004
1791,GSM2048286,Neutrophil,0.150148729,0.011
1792,GSM2048287,Neutrophil,0.133099513,0.006
